"START_DATE","JURISDICTION","FINES","YEAR","Month"
"2024-01-01","NSW",1888,2024,1
"2024-01-01","NSW",285,2024,1
"2024-01-01","NSW",2,2024,1
"2024-01-01","NSW",347,2024,1
"2024-01-01","NSW",639,2024,1
"2024-01-01","NSW",732,2024,1
"2024-01-01","NSW",194,2024,1
"2024-01-01","NSW",1,2024,1
"2024-01-01","NSW",28,2024,1
"2024-01-01","NSW",55,2024,1
"2024-01-01","NSW",54,2024,1
"2024-01-01","NSW",21,2024,1
"2024-01-01","NSW",2,2024,1
"2024-01-01","NSW",96,2024,1
"2024-01-01","NSW",136,2024,1
"2024-01-01","NSW",126,2024,1
"2024-01-01","NSW",26,2024,1
"2024-01-01","NSW",28498,2024,1
"2024-01-01","NSW",2870,2024,1
"2024-01-01","NSW",17764,2024,1
"2024-01-01","NSW",1,2024,1
"2024-01-01","NSW",2,2024,1
"2024-01-01","NSW",4,2024,1
"2024-01-01","NSW",5,2024,1
"2024-01-01","NT",3,2024,1
"2024-01-01","NT",0,2024,1
"2024-01-01","NT",2,2024,1
"2024-01-01","NT",84,2024,1
"2024-01-01","NT",460,2024,1
"2024-01-01","NT",0,2024,1
"2024-01-01","NT",34,2024,1
"2024-01-01","NT",380,2024,1
"2024-01-01","NT",1254,2024,1
"2024-01-01","NT",0,2024,1
"2024-01-01","NT",46,2024,1
"2024-01-01","NT",511,2024,1
"2024-01-01","NT",1575,2024,1
"2024-01-01","NT",0,2024,1
"2024-01-01","NT",45,2024,1
"2024-01-01","NT",83,2024,1
"2024-01-01","NT",381,2024,1
"2024-01-01","NT",0,2024,1
"2024-01-01","NT",5,2024,1
"2024-01-01","NT",25,2024,1
"2024-01-01","NT",112,2024,1
"2024-01-01","QLD",602,2024,1
"2024-01-01","QLD",748,2024,1
"2024-01-01","QLD",4,2024,1
"2024-01-01","QLD",2530,2024,1
"2024-01-01","QLD",5118,2024,1
"2024-01-01","QLD",1991,2024,1
"2024-01-01","QLD",6221,2024,1
"2024-01-01","QLD",10612,2024,1
"2024-01-01","QLD",2825,2024,1
"2024-01-01","QLD",9251,2024,1
"2024-01-01","QLD",15185,2024,1
"2024-01-01","QLD",3245,2024,1
"2024-01-01","QLD",2350,2024,1
"2024-01-01","QLD",3861,2024,1
"2024-01-01","QLD",636,2024,1
"2024-01-01","QLD",91,2024,1
"2024-01-01","QLD",131,2024,1
"2024-01-01","QLD",2,2024,1
"2024-01-01","SA",47,2024,1
"2024-01-01","SA",150,2024,1
"2024-01-01","SA",165,2024,1
"2024-01-01","SA",95,2024,1
"2024-01-01","SA",408,2024,1
"2024-01-01","SA",374,2024,1
"2024-01-01","SA",123,2024,1
"2024-01-01","SA",744,2024,1
"2024-01-01","SA",443,2024,1
"2024-01-01","SA",46,2024,1
"2024-01-01","SA",310,2024,1
"2024-01-01","SA",139,2024,1
"2024-01-01","SA",15,2024,1
"2024-01-01","SA",24,2024,1
"2024-01-01","SA",1,2024,1
"2024-01-01","SA",1,2024,1
"2024-01-01","SA",1,2024,1
"2024-01-01","SA",399,2024,1
"2024-01-01","SA",549,2024,1
"2024-01-01","SA",228,2024,1
"2024-01-01","SA",998,2024,1
"2024-01-01","SA",1369,2024,1
"2024-01-01","SA",333,2024,1
"2024-01-01","SA",2158,2024,1
"2024-01-01","SA",2301,2024,1
"2024-01-01","SA",392,2024,1
"2024-01-01","SA",918,2024,1
"2024-01-01","SA",721,2024,1
"2024-01-01","SA",95,2024,1
"2024-01-01","SA",126,2024,1
"2024-01-01","SA",115,2024,1
"2024-01-01","SA",1,2024,1
"2024-01-01","SA",1,2024,1
"2024-01-01","SA",30,2024,1
"2024-01-01","SA",48,2024,1
"2024-01-01","SA",184,2024,1
"2024-01-01","SA",57,2024,1
"2024-01-01","SA",161,2024,1
"2024-01-01","SA",369,2024,1
"2024-01-01","SA",74,2024,1
"2024-01-01","SA",282,2024,1
"2024-01-01","SA",458,2024,1
"2024-01-01","SA",15,2024,1
"2024-01-01","SA",128,2024,1
"2024-01-01","SA",110,2024,1
"2024-01-01","SA",8,2024,1
"2024-01-01","SA",8,2024,1
"2024-01-01","SA",7,2024,1
"2024-01-01","SA",40,2024,1
"2024-01-01","SA",12,2024,1
"2024-01-01","SA",70,2024,1
"2024-01-01","SA",31,2024,1
"2024-01-01","SA",74,2024,1
"2024-01-01","SA",5,2024,1
"2024-01-01","SA",13,2024,1
"2024-01-01","SA",3,2024,1
"2024-01-01","SA",16,2024,1
"2024-01-01","SA",29,2024,1
"2024-01-01","SA",45,2024,1
"2024-01-01","SA",10,2024,1
"2024-01-01","SA",19,2024,1
"2024-01-01","SA",37,2024,1
"2024-01-01","SA",50,2024,1
"2024-01-01","SA",8,2024,1
"2024-01-01","TAS",657,2024,1
"2024-01-01","TAS",348,2024,1
"2024-01-01","TAS",1655,2024,1
"2024-01-01","TAS",543,2024,1
"2024-01-01","TAS",2471,2024,1
"2024-01-01","TAS",649,2024,1
"2024-01-01","TAS",933,2024,1
"2024-01-01","TAS",179,2024,1
"2024-01-01","VIC",0,2024,1
"2024-01-01","VIC",0,2024,1
"2024-01-01","VIC",138,2024,1
"2024-01-01","VIC",574,2024,1
"2024-01-01","VIC",503,2024,1
"2024-01-01","VIC",1956,2024,1
"2024-01-01","VIC",882,2024,1
"2024-01-01","VIC",3176,2024,1
"2024-01-01","VIC",377,2024,1
"2024-01-01","VIC",1306,2024,1
"2024-01-01","VIC",32,2024,1
"2024-01-01","VIC",119,2024,1
"2024-01-01","VIC",0,2024,1
"2024-01-01","VIC",0,2024,1
"2024-01-01","VIC",3335,2024,1
"2024-01-01","VIC",2263,2024,1
"2024-01-01","VIC",12612,2024,1
"2024-01-01","VIC",8905,2024,1
"2024-01-01","VIC",21894,2024,1
"2024-01-01","VIC",13426,2024,1
"2024-01-01","VIC",6792,2024,1
"2024-01-01","VIC",4162,2024,1
"2024-01-01","VIC",1063,2024,1
"2024-01-01","VIC",625,2024,1
"2024-01-01","VIC",0,2024,1
"2024-01-01","VIC",0,2024,1
"2024-01-01","VIC",5,2024,1
"2024-01-01","VIC",101,2024,1
"2024-01-01","VIC",7,2024,1
"2024-01-01","VIC",354,2024,1
"2024-01-01","VIC",19,2024,1
"2024-01-01","VIC",636,2024,1
"2024-01-01","VIC",6,2024,1
"2024-01-01","VIC",231,2024,1
"2024-01-01","VIC",1,2024,1
"2024-01-01","VIC",23,2024,1
"2024-01-01","VIC",0,2024,1
"2024-01-01","VIC",0,2024,1
"2024-01-01","VIC",0,2024,1
"2024-01-01","VIC",0,2024,1
"2024-01-01","VIC",0,2024,1
"2024-01-01","VIC",0,2024,1
"2024-01-01","VIC",0,2024,1
"2024-01-01","VIC",1,2024,1
"2024-01-01","VIC",0,2024,1
"2024-01-01","VIC",0,2024,1
"2024-01-01","VIC",0,2024,1
"2024-01-01","VIC",0,2024,1
"2024-01-01","VIC",0,2024,1
"2024-01-01","VIC",0,2024,1
"2024-01-01","VIC",2,2024,1
"2024-01-01","VIC",702,2024,1
"2024-01-01","VIC",0,2024,1
"2024-01-01","VIC",2207,2024,1
"2024-01-01","VIC",1686,2024,1
"2024-01-01","VIC",0,2024,1
"2024-01-01","VIC",3920,2024,1
"2024-01-01","VIC",2198,2024,1
"2024-01-01","VIC",0,2024,1
"2024-01-01","VIC",4556,2024,1
"2024-01-01","VIC",487,2024,1
"2024-01-01","VIC",0,2024,1
"2024-01-01","VIC",979,2024,1
"2024-01-01","VIC",118,2024,1
"2024-01-01","VIC",0,2024,1
"2024-01-01","VIC",7,2024,1
"2024-01-01","WA",1,2024,1
"2024-01-01","WA",9,2024,1
"2024-01-01","WA",13,2024,1
"2024-01-01","WA",5,2024,1
"2024-01-01","WA",174,2024,1
"2024-01-01","WA",833,2024,1
"2024-01-01","WA",3729,2024,1
"2024-01-01","WA",1046,2024,1
"2024-01-01","WA",737,2024,1
"2024-01-01","WA",0,2024,1
"2024-01-01","WA",416,2024,1
"2024-01-01","WA",2838,2024,1
"2024-01-01","WA",10520,2024,1
"2024-01-01","WA",2140,2024,1
"2024-01-01","WA",2912,2024,1
"2024-01-01","WA",0,2024,1
"2024-01-01","WA",522,2024,1
"2024-01-01","WA",4244,2024,1
"2024-01-01","WA",14344,2024,1
"2024-01-01","WA",2419,2024,1
"2024-01-01","WA",6352,2024,1
"2024-01-01","WA",0,2024,1
"2024-01-01","WA",82,2024,1
"2024-01-01","WA",1136,2024,1
"2024-01-01","WA",3538,2024,1
"2024-01-01","WA",431,2024,1
"2024-01-01","WA",2129,2024,1
"2024-01-01","WA",0,2024,1
"2024-02-01","ACT",3,2024,2
"2024-02-01","ACT",4,2024,2
"2024-02-01","ACT",449,2024,2
"2024-02-01","ACT",319,2024,2
"2024-02-01","ACT",48,2024,2
"2024-02-01","ACT",991,2024,2
"2024-02-01","ACT",745,2024,2
"2024-02-01","ACT",68,2024,2
"2024-02-01","ACT",1756,2024,2
"2024-02-01","ACT",870,2024,2
"2024-02-01","ACT",50,2024,2
"2024-02-01","ACT",542,2024,2
"2024-02-01","ACT",306,2024,2
"2024-02-01","ACT",7,2024,2
"2024-02-01","ACT",64,2024,2
"2024-02-01","ACT",29,2024,2
"2024-02-01","NSW",5,2024,2
"2024-02-01","NSW",1310,2024,2
"2024-02-01","NSW",1959,2024,2
"2024-02-01","NSW",2072,2024,2
"2024-02-01","NSW",508,2024,2
"2024-02-01","NSW",6,2024,2
"2024-02-01","NSW",1709,2024,2
"2024-02-01","NSW",1838,2024,2
"2024-02-01","NSW",1705,2024,2
"2024-02-01","NSW",258,2024,2
"2024-02-01","NSW",0,2024,2
"2024-02-01","NSW",331,2024,2
"2024-02-01","NSW",557,2024,2
"2024-02-01","NSW",730,2024,2
"2024-02-01","NSW",173,2024,2
"2024-02-01","NSW",31,2024,2
"2024-02-01","NSW",55,2024,2
"2024-02-01","NSW",70,2024,2
"2024-02-01","NSW",16,2024,2
"2024-02-01","NSW",32,2024,2
"2024-02-01","NSW",28,2024,2
"2024-02-01","NSW",32,2024,2
"2024-02-01","NSW",3,2024,2
"2024-02-01","NSW",34831,2024,2
"2024-02-01","NSW",2595,2024,2
"2024-02-01","NSW",16954,2024,2
"2024-02-01","NSW",1,2024,2
"2024-02-01","NSW",6,2024,2
"2024-02-01","NSW",8,2024,2
"2024-02-01","NSW",1,2024,2
"2024-02-01","NT",3,2024,2
"2024-02-01","NT",5,2024,2
"2024-02-01","NT",1,2024,2
"2024-02-01","NT",136,2024,2
"2024-02-01","NT",387,2024,2
"2024-02-01","NT",0,2024,2
"2024-02-01","NT",46,2024,2
"2024-02-01","NT",657,2024,2
"2024-02-01","NT",966,2024,2
"2024-02-01","NT",0,2024,2
"2024-02-01","NT",60,2024,2
"2024-02-01","NT",836,2024,2
"2024-02-01","NT",1200,2024,2
"2024-02-01","NT",0,2024,2
"2024-02-01","NT",71,2024,2
"2024-02-01","NT",116,2024,2
"2024-02-01","NT",279,2024,2
"2024-02-01","NT",7,2024,2
"2024-02-01","NT",88,2024,2
"2024-02-01","NT",129,2024,2
"2024-02-01","QLD",535,2024,2
"2024-02-01","QLD",829,2024,2
"2024-02-01","QLD",3,2024,2
"2024-02-01","QLD",2372,2024,2
"2024-02-01","QLD",5051,2024,2
"2024-02-01","QLD",2137,2024,2
"2024-02-01","QLD",5487,2024,2
"2024-02-01","QLD",10198,2024,2
"2024-02-01","QLD",3317,2024,2
"2024-02-01","QLD",8259,2024,2
"2024-02-01","QLD",15045,2024,2
"2024-02-01","QLD",3862,2024,2
"2024-02-01","QLD",2153,2024,2
"2024-02-01","QLD",3988,2024,2
"2024-02-01","QLD",793,2024,2
"2024-02-01","QLD",58,2024,2
"2024-02-01","QLD",86,2024,2
"2024-02-01","SA",0,2024,2
"2024-02-01","SA",31,2024,2
"2024-02-01","SA",126,2024,2
"2024-02-01","SA",245,2024,2
"2024-02-01","SA",94,2024,2
"2024-02-01","SA",422,2024,2
"2024-02-01","SA",400,2024,2
"2024-02-01","SA",117,2024,2
"2024-02-01","SA",836,2024,2
"2024-02-01","SA",514,2024,2
"2024-02-01","SA",32,2024,2
"2024-02-01","SA",377,2024,2
"2024-02-01","SA",142,2024,2
"2024-02-01","SA",20,2024,2
"2024-02-01","SA",47,2024,2
"2024-02-01","SA",402,2024,2
"2024-02-01","SA",593,2024,2
"2024-02-01","SA",238,2024,2
"2024-02-01","SA",878,2024,2
"2024-02-01","SA",1619,2024,2
"2024-02-01","SA",325,2024,2
"2024-02-01","SA",1816,2024,2
"2024-02-01","SA",2360,2024,2
"2024-02-01","SA",394,2024,2
"2024-02-01","SA",673,2024,2
"2024-02-01","SA",718,2024,2
"2024-02-01","SA",85,2024,2
"2024-02-01","SA",116,2024,2
"2024-02-01","SA",135,2024,2
"2024-02-01","SA",2,2024,2
"2024-02-01","SA",2,2024,2
"2024-02-01","SA",15,2024,2
"2024-02-01","SA",42,2024,2
"2024-02-01","SA",211,2024,2
"2024-02-01","SA",49,2024,2
"2024-02-01","SA",119,2024,2
"2024-02-01","SA",381,2024,2
"2024-02-01","SA",62,2024,2
"2024-02-01","SA",170,2024,2
"2024-02-01","SA",502,2024,2
"2024-02-01","SA",18,2024,2
"2024-02-01","SA",64,2024,2
"2024-02-01","SA",153,2024,2
"2024-02-01","SA",6,2024,2
"2024-02-01","SA",8,2024,2
"2024-02-01","SA",2,2024,2
"2024-02-01","SA",12,2024,2
"2024-02-01","SA",45,2024,2
"2024-02-01","SA",29,2024,2
"2024-02-01","SA",84,2024,2
"2024-02-01","SA",41,2024,2
"2024-02-01","SA",106,2024,2
"2024-02-01","SA",16,2024,2
"2024-02-01","SA",31,2024,2
"2024-02-01","SA",2,2024,2
"2024-02-01","SA",4,2024,2
"2024-02-01","SA",23,2024,2
"2024-02-01","SA",2,2024,2
"2024-02-01","SA",38,2024,2
"2024-02-01","SA",7,2024,2
"2024-02-01","SA",47,2024,2
"2024-02-01","SA",5,2024,2
"2024-02-01","SA",22,2024,2
"2024-02-01","SA",42,2024,2
"2024-02-01","SA",79,2024,2
"2024-02-01","SA",1,2024,2
"2024-02-01","SA",74,2024,2
"2024-02-01","SA",13,2024,2
"2024-02-01","SA",1,2024,2
"2024-02-01","TAS",0,2024,2
"2024-02-01","TAS",444,2024,2
"2024-02-01","TAS",274,2024,2
"2024-02-01","TAS",1291,2024,2
"2024-02-01","TAS",472,2024,2
"2024-02-01","TAS",1737,2024,2
"2024-02-01","TAS",545,2024,2
"2024-02-01","TAS",611,2024,2
"2024-02-01","TAS",192,2024,2
"2024-02-01","TAS",1,2024,2
"2024-02-01","TAS",1,2024,2
"2024-02-01","VIC",0,2024,2
"2024-02-01","VIC",0,2024,2
"2024-02-01","VIC",95,2024,2
"2024-02-01","VIC",571,2024,2
"2024-02-01","VIC",307,2024,2
"2024-02-01","VIC",1951,2024,2
"2024-02-01","VIC",636,2024,2
"2024-02-01","VIC",3200,2024,2
"2024-02-01","VIC",242,2024,2
"2024-02-01","VIC",1473,2024,2
"2024-02-01","VIC",48,2024,2
"2024-02-01","VIC",120,2024,2
"2024-02-01","VIC",0,2024,2
"2024-02-01","VIC",0,2024,2
"2024-02-01","VIC",2626,2024,2
"2024-02-01","VIC",2537,2024,2
"2024-02-01","VIC",10462,2024,2
"2024-02-01","VIC",9660,2024,2
"2024-02-01","VIC",17525,2024,2
"2024-02-01","VIC",15006,2024,2
"2024-02-01","VIC",5350,2024,2
"2024-02-01","VIC",4582,2024,2
"2024-02-01","VIC",845,2024,2
"2024-02-01","VIC",653,2024,2
"2024-02-01","VIC",0,2024,2
"2024-02-01","VIC",0,2024,2
"2024-02-01","VIC",1,2024,2
"2024-02-01","VIC",97,2024,2
"2024-02-01","VIC",13,2024,2
"2024-02-01","VIC",322,2024,2
"2024-02-01","VIC",16,2024,2
"2024-02-01","VIC",543,2024,2
"2024-02-01","VIC",3,2024,2
"2024-02-01","VIC",268,2024,2
"2024-02-01","VIC",3,2024,2
"2024-02-01","VIC",29,2024,2
"2024-02-01","VIC",0,2024,2
"2024-02-01","VIC",0,2024,2
"2024-02-01","VIC",0,2024,2
"2024-02-01","VIC",0,2024,2
"2024-02-01","VIC",0,2024,2
"2024-02-01","VIC",1,2024,2
"2024-02-01","VIC",0,2024,2
"2024-02-01","VIC",2,2024,2
"2024-02-01","VIC",0,2024,2
"2024-02-01","VIC",1,2024,2
"2024-02-01","VIC",0,2024,2
"2024-02-01","VIC",0,2024,2
"2024-02-01","VIC",0,2024,2
"2024-02-01","VIC",0,2024,2
"2024-02-01","VIC",2,2024,2
"2024-02-01","VIC",291,2024,2
"2024-02-01","VIC",0,2024,2
"2024-02-01","VIC",1756,2024,2
"2024-02-01","VIC",754,2024,2
"2024-02-01","VIC",0,2024,2
"2024-02-01","VIC",3417,2024,2
"2024-02-01","VIC",1006,2024,2
"2024-02-01","VIC",0,2024,2
"2024-02-01","VIC",3944,2024,2
"2024-02-01","VIC",255,2024,2
"2024-02-01","VIC",0,2024,2
"2024-02-01","VIC",977,2024,2
"2024-02-01","VIC",47,2024,2
"2024-02-01","VIC",0,2024,2
"2024-02-01","VIC",2,2024,2
"2024-02-01","WA",1,2024,2
"2024-02-01","WA",2,2024,2
"2024-02-01","WA",21,2024,2
"2024-02-01","WA",2,2024,2
"2024-02-01","WA",0,2024,2
"2024-02-01","WA",197,2024,2
"2024-02-01","WA",778,2024,2
"2024-02-01","WA",4071,2024,2
"2024-02-01","WA",837,2024,2
"2024-02-01","WA",604,2024,2
"2024-02-01","WA",0,2024,2
"2024-02-01","WA",543,2024,2
"2024-02-01","WA",2637,2024,2
"2024-02-01","WA",10636,2024,2
"2024-02-01","WA",1491,2024,2
"2024-02-01","WA",2262,2024,2
"2024-02-01","WA",0,2024,2
"2024-02-01","WA",593,2024,2
"2024-02-01","WA",3962,2024,2
"2024-02-01","WA",15374,2024,2
"2024-02-01","WA",1832,2024,2
"2024-02-01","WA",4886,2024,2
"2024-02-01","WA",0,2024,2
"2024-02-01","WA",82,2024,2
"2024-02-01","WA",962,2024,2
"2024-02-01","WA",4035,2024,2
"2024-02-01","WA",361,2024,2
"2024-02-01","WA",1586,2024,2
"2024-02-01","WA",0,2024,2
"2024-03-01","ACT",1,2024,3
"2024-03-01","ACT",2,2024,3
"2024-03-01","ACT",516,2024,3
"2024-03-01","ACT",420,2024,3
"2024-03-01","ACT",35,2024,3
"2024-03-01","ACT",1201,2024,3
"2024-03-01","ACT",932,2024,3
"2024-03-01","ACT",46,2024,3
"2024-03-01","ACT",1927,2024,3
"2024-03-01","ACT",1183,2024,3
"2024-03-01","ACT",45,2024,3
"2024-03-01","ACT",602,2024,3
"2024-03-01","ACT",371,2024,3
"2024-03-01","ACT",6,2024,3
"2024-03-01","ACT",95,2024,3
"2024-03-01","ACT",45,2024,3
"2024-03-01","NSW",3,2024,3
"2024-03-01","NSW",1679,2024,3
"2024-03-01","NSW",2451,2024,3
"2024-03-01","NSW",2385,2024,3
"2024-03-01","NSW",569,2024,3
"2024-03-01","NSW",9,2024,3
"2024-03-01","NSW",2548,2024,3
"2024-03-01","NSW",2691,2024,3
"2024-03-01","NSW",2376,2024,3
"2024-03-01","NSW",362,2024,3
"2024-03-01","NSW",5,2024,3
"2024-03-01","NSW",393,2024,3
"2024-03-01","NSW",685,2024,3
"2024-03-01","NSW",773,2024,3
"2024-03-01","NSW",182,2024,3
"2024-03-01","NSW",41,2024,3
"2024-03-01","NSW",68,2024,3
"2024-03-01","NSW",92,2024,3
"2024-03-01","NSW",30,2024,3
"2024-03-01","NSW",2,2024,3
"2024-03-01","NSW",214,2024,3
"2024-03-01","NSW",266,2024,3
"2024-03-01","NSW",297,2024,3
"2024-03-01","NSW",56,2024,3
"2024-03-01","NSW",37378,2024,3
"2024-03-01","NSW",3223,2024,3
"2024-03-01","NSW",18986,2024,3
"2024-03-01","NSW",4,2024,3
"2024-03-01","NSW",7,2024,3
"2024-03-01","NSW",9,2024,3
"2024-03-01","NSW",4,2024,3
"2024-03-01","NT",1,2024,3
"2024-03-01","NT",4,2024,3
"2024-03-01","NT",0,2024,3
"2024-03-01","NT",189,2024,3
"2024-03-01","NT",398,2024,3
"2024-03-01","NT",0,2024,3
"2024-03-01","NT",18,2024,3
"2024-03-01","NT",721,2024,3
"2024-03-01","NT",1050,2024,3
"2024-03-01","NT",0,2024,3
"2024-03-01","NT",36,2024,3
"2024-03-01","NT",1061,2024,3
"2024-03-01","NT",1252,2024,3
"2024-03-01","NT",0,2024,3
"2024-03-01","NT",38,2024,3
"2024-03-01","NT",169,2024,3
"2024-03-01","NT",361,2024,3
"2024-03-01","NT",0,2024,3
"2024-03-01","NT",9,2024,3
"2024-03-01","NT",99,2024,3
"2024-03-01","NT",129,2024,3
"2024-03-01","QLD",634,2024,3
"2024-03-01","QLD",801,2024,3
"2024-03-01","QLD",3,2024,3
"2024-03-01","QLD",2713,2024,3
"2024-03-01","QLD",5386,2024,3
"2024-03-01","QLD",2343,2024,3
"2024-03-01","QLD",6277,2024,3
"2024-03-01","QLD",11038,2024,3
"2024-03-01","QLD",3359,2024,3
"2024-03-01","QLD",8684,2024,3
"2024-03-01","QLD",15390,2024,3
"2024-03-01","QLD",3744,2024,3
"2024-03-01","QLD",2186,2024,3
"2024-03-01","QLD",3863,2024,3
"2024-03-01","QLD",669,2024,3
"2024-03-01","QLD",98,2024,3
"2024-03-01","QLD",96,2024,3
"2024-03-01","SA",15,2024,3
"2024-03-01","SA",125,2024,3
"2024-03-01","SA",262,2024,3
"2024-03-01","SA",61,2024,3
"2024-03-01","SA",371,2024,3
"2024-03-01","SA",486,2024,3
"2024-03-01","SA",74,2024,3
"2024-03-01","SA",651,2024,3
"2024-03-01","SA",652,2024,3
"2024-03-01","SA",19,2024,3
"2024-03-01","SA",253,2024,3
"2024-03-01","SA",215,2024,3
"2024-03-01","SA",7,2024,3
"2024-03-01","SA",28,2024,3
"2024-03-01","SA",4,2024,3
"2024-03-01","SA",1,2024,3
"2024-03-01","SA",359,2024,3
"2024-03-01","SA",611,2024,3
"2024-03-01","SA",319,2024,3
"2024-03-01","SA",808,2024,3
"2024-03-01","SA",1635,2024,3
"2024-03-01","SA",513,2024,3
"2024-03-01","SA",1581,2024,3
"2024-03-01","SA",2413,2024,3
"2024-03-01","SA",585,2024,3
"2024-03-01","SA",677,2024,3
"2024-03-01","SA",635,2024,3
"2024-03-01","SA",145,2024,3
"2024-03-01","SA",96,2024,3
"2024-03-01","SA",148,2024,3
"2024-03-01","SA",2,2024,3
"2024-03-01","SA",16,2024,3
"2024-03-01","SA",41,2024,3
"2024-03-01","SA",255,2024,3
"2024-03-01","SA",51,2024,3
"2024-03-01","SA",78,2024,3
"2024-03-01","SA",549,2024,3
"2024-03-01","SA",65,2024,3
"2024-03-01","SA",175,2024,3
"2024-03-01","SA",592,2024,3
"2024-03-01","SA",33,2024,3
"2024-03-01","SA",87,2024,3
"2024-03-01","SA",170,2024,3
"2024-03-01","SA",8,2024,3
"2024-03-01","SA",9,2024,3
"2024-03-01","SA",2,2024,3
"2024-03-01","SA",3,2024,3
"2024-03-01","SA",62,2024,3
"2024-03-01","SA",23,2024,3
"2024-03-01","SA",113,2024,3
"2024-03-01","SA",41,2024,3
"2024-03-01","SA",127,2024,3
"2024-03-01","SA",19,2024,3
"2024-03-01","SA",43,2024,3
"2024-03-01","SA",2,2024,3
"2024-03-01","SA",2,2024,3
"2024-03-01","SA",22,2024,3
"2024-03-01","SA",2,2024,3
"2024-03-01","SA",47,2024,3
"2024-03-01","SA",8,2024,3
"2024-03-01","SA",65,2024,3
"2024-03-01","SA",2,2024,3
"2024-03-01","SA",16,2024,3
"2024-03-01","SA",31,2024,3
"2024-03-01","SA",57,2024,3
"2024-03-01","SA",76,2024,3
"2024-03-01","SA",20,2024,3
"2024-03-01","SA",2,2024,3
"2024-03-01","TAS",1,2024,3
"2024-03-01","TAS",0,2024,3
"2024-03-01","TAS",428,2024,3
"2024-03-01","TAS",254,2024,3
"2024-03-01","TAS",1183,2024,3
"2024-03-01","TAS",354,2024,3
"2024-03-01","TAS",1632,2024,3
"2024-03-01","TAS",440,2024,3
"2024-03-01","TAS",691,2024,3
"2024-03-01","TAS",167,2024,3
"2024-03-01","TAS",2,2024,3
"2024-03-01","TAS",1,2024,3
"2024-03-01","VIC",0,2024,3
"2024-03-01","VIC",0,2024,3
"2024-03-01","VIC",78,2024,3
"2024-03-01","VIC",526,2024,3
"2024-03-01","VIC",259,2024,3
"2024-03-01","VIC",1588,2024,3
"2024-03-01","VIC",511,2024,3
"2024-03-01","VIC",2751,2024,3
"2024-03-01","VIC",221,2024,3
"2024-03-01","VIC",1267,2024,3
"2024-03-01","VIC",29,2024,3
"2024-03-01","VIC",117,2024,3
"2024-03-01","VIC",0,2024,3
"2024-03-01","VIC",0,2024,3
"2024-03-01","VIC",2288,2024,3
"2024-03-01","VIC",2087,2024,3
"2024-03-01","VIC",8583,2024,3
"2024-03-01","VIC",7506,2024,3
"2024-03-01","VIC",14324,2024,3
"2024-03-01","VIC",12246,2024,3
"2024-03-01","VIC",4359,2024,3
"2024-03-01","VIC",3636,2024,3
"2024-03-01","VIC",773,2024,3
"2024-03-01","VIC",493,2024,3
"2024-03-01","VIC",0,2024,3
"2024-03-01","VIC",0,2024,3
"2024-03-01","VIC",1,2024,3
"2024-03-01","VIC",86,2024,3
"2024-03-01","VIC",0,2024,3
"2024-03-01","VIC",256,2024,3
"2024-03-01","VIC",3,2024,3
"2024-03-01","VIC",420,2024,3
"2024-03-01","VIC",11,2024,3
"2024-03-01","VIC",247,2024,3
"2024-03-01","VIC",1,2024,3
"2024-03-01","VIC",22,2024,3
"2024-03-01","VIC",0,2024,3
"2024-03-01","VIC",0,2024,3
"2024-03-01","VIC",0,2024,3
"2024-03-01","VIC",0,2024,3
"2024-03-01","VIC",0,2024,3
"2024-03-01","VIC",0,2024,3
"2024-03-01","VIC",0,2024,3
"2024-03-01","VIC",0,2024,3
"2024-03-01","VIC",0,2024,3
"2024-03-01","VIC",0,2024,3
"2024-03-01","VIC",0,2024,3
"2024-03-01","VIC",0,2024,3
"2024-03-01","VIC",0,2024,3
"2024-03-01","VIC",0,2024,3
"2024-03-01","VIC",3,2024,3
"2024-03-01","VIC",242,2024,3
"2024-03-01","VIC",0,2024,3
"2024-03-01","VIC",2548,2024,3
"2024-03-01","VIC",629,2024,3
"2024-03-01","VIC",0,2024,3
"2024-03-01","VIC",4832,2024,3
"2024-03-01","VIC",880,2024,3
"2024-03-01","VIC",0,2024,3
"2024-03-01","VIC",5536,2024,3
"2024-03-01","VIC",205,2024,3
"2024-03-01","VIC",0,2024,3
"2024-03-01","VIC",1257,2024,3
"2024-03-01","VIC",47,2024,3
"2024-03-01","VIC",0,2024,3
"2024-03-01","VIC",4,2024,3
"2024-03-01","WA",3,2024,3
"2024-03-01","WA",6,2024,3
"2024-03-01","WA",17,2024,3
"2024-03-01","WA",3,2024,3
"2024-03-01","WA",210,2024,3
"2024-03-01","WA",1023,2024,3
"2024-03-01","WA",4462,2024,3
"2024-03-01","WA",851,2024,3
"2024-03-01","WA",702,2024,3
"2024-03-01","WA",0,2024,3
"2024-03-01","WA",491,2024,3
"2024-03-01","WA",3195,2024,3
"2024-03-01","WA",10967,2024,3
"2024-03-01","WA",1736,2024,3
"2024-03-01","WA",2523,2024,3
"2024-03-01","WA",0,2024,3
"2024-03-01","WA",591,2024,3
"2024-03-01","WA",4664,2024,3
"2024-03-01","WA",15718,2024,3
"2024-03-01","WA",2035,2024,3
"2024-03-01","WA",5584,2024,3
"2024-03-01","WA",0,2024,3
"2024-03-01","WA",112,2024,3
"2024-03-01","WA",1239,2024,3
"2024-03-01","WA",3816,2024,3
"2024-03-01","WA",390,2024,3
"2024-03-01","WA",1788,2024,3
"2024-03-01","WA",0,2024,3
"2024-04-01","ACT",6,2024,4
"2024-04-01","ACT",460,2024,4
"2024-04-01","ACT",217,2024,4
"2024-04-01","ACT",64,2024,4
"2024-04-01","ACT",1046,2024,4
"2024-04-01","ACT",492,2024,4
"2024-04-01","ACT",82,2024,4
"2024-04-01","ACT",1662,2024,4
"2024-04-01","ACT",656,2024,4
"2024-04-01","ACT",74,2024,4
"2024-04-01","ACT",592,2024,4
"2024-04-01","ACT",223,2024,4
"2024-04-01","ACT",12,2024,4
"2024-04-01","ACT",73,2024,4
"2024-04-01","ACT",15,2024,4
"2024-04-01","NSW",7,2024,4
"2024-04-01","NSW",1347,2024,4
"2024-04-01","NSW",2163,2024,4
"2024-04-01","NSW",2318,2024,4
"2024-04-01","NSW",494,2024,4
"2024-04-01","NSW",9,2024,4
"2024-04-01","NSW",2022,2024,4
"2024-04-01","NSW",2170,2024,4
"2024-04-01","NSW",1995,2024,4
"2024-04-01","NSW",284,2024,4
"2024-04-01","NSW",1,2024,4
"2024-04-01","NSW",348,2024,4
"2024-04-01","NSW",590,2024,4
"2024-04-01","NSW",686,2024,4
"2024-04-01","NSW",174,2024,4
"2024-04-01","NSW",29,2024,4
"2024-04-01","NSW",37,2024,4
"2024-04-01","NSW",51,2024,4
"2024-04-01","NSW",6,2024,4
"2024-04-01","NSW",31,2024,4
"2024-04-01","NSW",46,2024,4
"2024-04-01","NSW",47,2024,4
"2024-04-01","NSW",7,2024,4
"2024-04-01","NSW",34079,2024,4
"2024-04-01","NSW",2840,2024,4
"2024-04-01","NSW",16329,2024,4
"2024-04-01","NSW",2,2024,4
"2024-04-01","NSW",3,2024,4
"2024-04-01","NSW",7,2024,4
"2024-04-01","NT",2,2024,4
"2024-04-01","NT",3,2024,4
"2024-04-01","NT",0,2024,4
"2024-04-01","NT",2,2024,4
"2024-04-01","NT",122,2024,4
"2024-04-01","NT",352,2024,4
"2024-04-01","NT",0,2024,4
"2024-04-01","NT",38,2024,4
"2024-04-01","NT",355,2024,4
"2024-04-01","NT",866,2024,4
"2024-04-01","NT",0,2024,4
"2024-04-01","NT",67,2024,4
"2024-04-01","NT",550,2024,4
"2024-04-01","NT",952,2024,4
"2024-04-01","NT",0,2024,4
"2024-04-01","NT",84,2024,4
"2024-04-01","NT",109,2024,4
"2024-04-01","NT",235,2024,4
"2024-04-01","NT",0,2024,4
"2024-04-01","NT",8,2024,4
"2024-04-01","NT",50,2024,4
"2024-04-01","NT",85,2024,4
"2024-04-01","QLD",587,2024,4
"2024-04-01","QLD",744,2024,4
"2024-04-01","QLD",2,2024,4
"2024-04-01","QLD",2593,2024,4
"2024-04-01","QLD",4773,2024,4
"2024-04-01","QLD",1808,2024,4
"2024-04-01","QLD",5803,2024,4
"2024-04-01","QLD",9828,2024,4
"2024-04-01","QLD",2718,2024,4
"2024-04-01","QLD",8328,2024,4
"2024-04-01","QLD",13887,2024,4
"2024-04-01","QLD",3113,2024,4
"2024-04-01","QLD",2015,2024,4
"2024-04-01","QLD",3548,2024,4
"2024-04-01","QLD",587,2024,4
"2024-04-01","QLD",73,2024,4
"2024-04-01","QLD",86,2024,4
"2024-04-01","QLD",1,2024,4
"2024-04-01","SA",45,2024,4
"2024-04-01","SA",129,2024,4
"2024-04-01","SA",202,2024,4
"2024-04-01","SA",86,2024,4
"2024-04-01","SA",357,2024,4
"2024-04-01","SA",349,2024,4
"2024-04-01","SA",87,2024,4
"2024-04-01","SA",640,2024,4
"2024-04-01","SA",515,2024,4
"2024-04-01","SA",35,2024,4
"2024-04-01","SA",240,2024,4
"2024-04-01","SA",166,2024,4
"2024-04-01","SA",14,2024,4
"2024-04-01","SA",34,2024,4
"2024-04-01","SA",4,2024,4
"2024-04-01","SA",1,2024,4
"2024-04-01","SA",2,2024,4
"2024-04-01","SA",387,2024,4
"2024-04-01","SA",604,2024,4
"2024-04-01","SA",275,2024,4
"2024-04-01","SA",982,2024,4
"2024-04-01","SA",1351,2024,4
"2024-04-01","SA",511,2024,4
"2024-04-01","SA",1813,2024,4
"2024-04-01","SA",2057,2024,4
"2024-04-01","SA",551,2024,4
"2024-04-01","SA",675,2024,4
"2024-04-01","SA",580,2024,4
"2024-04-01","SA",139,2024,4
"2024-04-01","SA",131,2024,4
"2024-04-01","SA",124,2024,4
"2024-04-01","SA",6,2024,4
"2024-04-01","SA",1,2024,4
"2024-04-01","SA",11,2024,4
"2024-04-01","SA",16,2024,4
"2024-04-01","SA",182,2024,4
"2024-04-01","SA",38,2024,4
"2024-04-01","SA",79,2024,4
"2024-04-01","SA",415,2024,4
"2024-04-01","SA",58,2024,4
"2024-04-01","SA",154,2024,4
"2024-04-01","SA",500,2024,4
"2024-04-01","SA",19,2024,4
"2024-04-01","SA",81,2024,4
"2024-04-01","SA",149,2024,4
"2024-04-01","SA",3,2024,4
"2024-04-01","SA",8,2024,4
"2024-04-01","SA",2,2024,4
"2024-04-01","SA",34,2024,4
"2024-04-01","SA",9,2024,4
"2024-04-01","SA",87,2024,4
"2024-04-01","SA",7,2024,4
"2024-04-01","SA",104,2024,4
"2024-04-01","SA",2,2024,4
"2024-04-01","SA",29,2024,4
"2024-04-01","SA",23,2024,4
"2024-04-01","SA",41,2024,4
"2024-04-01","SA",4,2024,4
"2024-04-01","SA",38,2024,4
"2024-04-01","SA",11,2024,4
"2024-04-01","SA",28,2024,4
"2024-04-01","SA",58,2024,4
"2024-04-01","SA",75,2024,4
"2024-04-01","SA",12,2024,4
"2024-04-01","TAS",0,2024,4
"2024-04-01","TAS",525,2024,4
"2024-04-01","TAS",348,2024,4
"2024-04-01","TAS",1355,2024,4
"2024-04-01","TAS",486,2024,4
"2024-04-01","TAS",1975,2024,4
"2024-04-01","TAS",559,2024,4
"2024-04-01","TAS",792,2024,4
"2024-04-01","TAS",189,2024,4
"2024-04-01","TAS",2,2024,4
"2024-04-01","VIC",0,2024,4
"2024-04-01","VIC",0,2024,4
"2024-04-01","VIC",123,2024,4
"2024-04-01","VIC",546,2024,4
"2024-04-01","VIC",473,2024,4
"2024-04-01","VIC",1838,2024,4
"2024-04-01","VIC",764,2024,4
"2024-04-01","VIC",2928,2024,4
"2024-04-01","VIC",370,2024,4
"2024-04-01","VIC",1430,2024,4
"2024-04-01","VIC",21,2024,4
"2024-04-01","VIC",76,2024,4
"2024-04-01","VIC",0,2024,4
"2024-04-01","VIC",0,2024,4
"2024-04-01","VIC",2959,2024,4
"2024-04-01","VIC",2182,2024,4
"2024-04-01","VIC",10215,2024,4
"2024-04-01","VIC",8004,2024,4
"2024-04-01","VIC",17446,2024,4
"2024-04-01","VIC",12684,2024,4
"2024-04-01","VIC",5231,2024,4
"2024-04-01","VIC",3772,2024,4
"2024-04-01","VIC",975,2024,4
"2024-04-01","VIC",506,2024,4
"2024-04-01","VIC",0,2024,4
"2024-04-01","VIC",0,2024,4
"2024-04-01","VIC",1,2024,4
"2024-04-01","VIC",87,2024,4
"2024-04-01","VIC",8,2024,4
"2024-04-01","VIC",366,2024,4
"2024-04-01","VIC",17,2024,4
"2024-04-01","VIC",578,2024,4
"2024-04-01","VIC",7,2024,4
"2024-04-01","VIC",264,2024,4
"2024-04-01","VIC",1,2024,4
"2024-04-01","VIC",42,2024,4
"2024-04-01","VIC",0,2024,4
"2024-04-01","VIC",0,2024,4
"2024-04-01","VIC",0,2024,4
"2024-04-01","VIC",0,2024,4
"2024-04-01","VIC",0,2024,4
"2024-04-01","VIC",0,2024,4
"2024-04-01","VIC",0,2024,4
"2024-04-01","VIC",0,2024,4
"2024-04-01","VIC",0,2024,4
"2024-04-01","VIC",0,2024,4
"2024-04-01","VIC",0,2024,4
"2024-04-01","VIC",0,2024,4
"2024-04-01","VIC",0,2024,4
"2024-04-01","VIC",0,2024,4
"2024-04-01","VIC",1,2024,4
"2024-04-01","VIC",311,2024,4
"2024-04-01","VIC",0,2024,4
"2024-04-01","VIC",1974,2024,4
"2024-04-01","VIC",812,2024,4
"2024-04-01","VIC",0,2024,4
"2024-04-01","VIC",3893,2024,4
"2024-04-01","VIC",1181,2024,4
"2024-04-01","VIC",0,2024,4
"2024-04-01","VIC",4629,2024,4
"2024-04-01","VIC",256,2024,4
"2024-04-01","VIC",0,2024,4
"2024-04-01","VIC",1112,2024,4
"2024-04-01","VIC",57,2024,4
"2024-04-01","VIC",0,2024,4
"2024-04-01","VIC",5,2024,4
"2024-04-01","WA",1,2024,4
"2024-04-01","WA",5,2024,4
"2024-04-01","WA",15,2024,4
"2024-04-01","WA",1,2024,4
"2024-04-01","WA",5,2024,4
"2024-04-01","WA",197,2024,4
"2024-04-01","WA",1003,2024,4
"2024-04-01","WA",4262,2024,4
"2024-04-01","WA",934,2024,4
"2024-04-01","WA",707,2024,4
"2024-04-01","WA",0,2024,4
"2024-04-01","WA",554,2024,4
"2024-04-01","WA",3170,2024,4
"2024-04-01","WA",10349,2024,4
"2024-04-01","WA",1868,2024,4
"2024-04-01","WA",2433,2024,4
"2024-04-01","WA",0,2024,4
"2024-04-01","WA",576,2024,4
"2024-04-01","WA",4621,2024,4
"2024-04-01","WA",14620,2024,4
"2024-04-01","WA",2100,2024,4
"2024-04-01","WA",5230,2024,4
"2024-04-01","WA",0,2024,4
"2024-04-01","WA",100,2024,4
"2024-04-01","WA",1219,2024,4
"2024-04-01","WA",3488,2024,4
"2024-04-01","WA",444,2024,4
"2024-04-01","WA",1726,2024,4
"2024-04-01","WA",0,2024,4
"2024-05-01","ACT",2,2024,5
"2024-05-01","ACT",1,2024,5
"2024-05-01","ACT",3,2024,5
"2024-05-01","ACT",466,2024,5
"2024-05-01","ACT",296,2024,5
"2024-05-01","ACT",92,2024,5
"2024-05-01","ACT",930,2024,5
"2024-05-01","ACT",656,2024,5
"2024-05-01","ACT",109,2024,5
"2024-05-01","ACT",1619,2024,5
"2024-05-01","ACT",865,2024,5
"2024-05-01","ACT",81,2024,5
"2024-05-01","ACT",470,2024,5
"2024-05-01","ACT",280,2024,5
"2024-05-01","ACT",4,2024,5
"2024-05-01","ACT",78,2024,5
"2024-05-01","ACT",46,2024,5
"2024-05-01","NSW",3,2024,5
"2024-05-01","NSW",1299,2024,5
"2024-05-01","NSW",1937,2024,5
"2024-05-01","NSW",2096,2024,5
"2024-05-01","NSW",527,2024,5
"2024-05-01","NSW",5,2024,5
"2024-05-01","NSW",1744,2024,5
"2024-05-01","NSW",1995,2024,5
"2024-05-01","NSW",1718,2024,5
"2024-05-01","NSW",263,2024,5
"2024-05-01","NSW",2,2024,5
"2024-05-01","NSW",362,2024,5
"2024-05-01","NSW",623,2024,5
"2024-05-01","NSW",753,2024,5
"2024-05-01","NSW",229,2024,5
"2024-05-01","NSW",31,2024,5
"2024-05-01","NSW",57,2024,5
"2024-05-01","NSW",80,2024,5
"2024-05-01","NSW",30,2024,5
"2024-05-01","NSW",101,2024,5
"2024-05-01","NSW",107,2024,5
"2024-05-01","NSW",100,2024,5
"2024-05-01","NSW",36,2024,5
"2024-05-01","NSW",42304,2024,5
"2024-05-01","NSW",3248,2024,5
"2024-05-01","NSW",19149,2024,5
"2024-05-01","NSW",3,2024,5
"2024-05-01","NSW",7,2024,5
"2024-05-01","NSW",4,2024,5
"2024-05-01","NSW",5,2024,5
"2024-05-01","NT",3,2024,5
"2024-05-01","NT",0,2024,5
"2024-05-01","NT",3,2024,5
"2024-05-01","NT",101,2024,5
"2024-05-01","NT",250,2024,5
"2024-05-01","NT",0,2024,5
"2024-05-01","NT",63,2024,5
"2024-05-01","NT",273,2024,5
"2024-05-01","NT",571,2024,5
"2024-05-01","NT",0,2024,5
"2024-05-01","NT",88,2024,5
"2024-05-01","NT",458,2024,5
"2024-05-01","NT",658,2024,5
"2024-05-01","NT",0,2024,5
"2024-05-01","NT",94,2024,5
"2024-05-01","NT",84,2024,5
"2024-05-01","NT",183,2024,5
"2024-05-01","NT",0,2024,5
"2024-05-01","NT",28,2024,5
"2024-05-01","NT",44,2024,5
"2024-05-01","NT",45,2024,5
"2024-05-01","QLD",604,2024,5
"2024-05-01","QLD",873,2024,5
"2024-05-01","QLD",5,2024,5
"2024-05-01","QLD",2641,2024,5
"2024-05-01","QLD",5361,2024,5
"2024-05-01","QLD",2040,2024,5
"2024-05-01","QLD",6087,2024,5
"2024-05-01","QLD",10555,2024,5
"2024-05-01","QLD",3152,2024,5
"2024-05-01","QLD",8891,2024,5
"2024-05-01","QLD",15686,2024,5
"2024-05-01","QLD",3405,2024,5
"2024-05-01","QLD",2317,2024,5
"2024-05-01","QLD",4101,2024,5
"2024-05-01","QLD",655,2024,5
"2024-05-01","QLD",90,2024,5
"2024-05-01","QLD",102,2024,5
"2024-05-01","SA",29,2024,5
"2024-05-01","SA",90,2024,5
"2024-05-01","SA",174,2024,5
"2024-05-01","SA",70,2024,5
"2024-05-01","SA",288,2024,5
"2024-05-01","SA",330,2024,5
"2024-05-01","SA",84,2024,5
"2024-05-01","SA",570,2024,5
"2024-05-01","SA",459,2024,5
"2024-05-01","SA",17,2024,5
"2024-05-01","SA",300,2024,5
"2024-05-01","SA",144,2024,5
"2024-05-01","SA",20,2024,5
"2024-05-01","SA",23,2024,5
"2024-05-01","SA",3,2024,5
"2024-05-01","SA",1,2024,5
"2024-05-01","SA",334,2024,5
"2024-05-01","SA",548,2024,5
"2024-05-01","SA",360,2024,5
"2024-05-01","SA",811,2024,5
"2024-05-01","SA",1420,2024,5
"2024-05-01","SA",500,2024,5
"2024-05-01","SA",1518,2024,5
"2024-05-01","SA",2212,2024,5
"2024-05-01","SA",586,2024,5
"2024-05-01","SA",529,2024,5
"2024-05-01","SA",687,2024,5
"2024-05-01","SA",146,2024,5
"2024-05-01","SA",125,2024,5
"2024-05-01","SA",110,2024,5
"2024-05-01","SA",1,2024,5
"2024-05-01","SA",0,2024,5
"2024-05-01","SA",8,2024,5
"2024-05-01","SA",32,2024,5
"2024-05-01","SA",167,2024,5
"2024-05-01","SA",31,2024,5
"2024-05-01","SA",63,2024,5
"2024-05-01","SA",322,2024,5
"2024-05-01","SA",39,2024,5
"2024-05-01","SA",149,2024,5
"2024-05-01","SA",490,2024,5
"2024-05-01","SA",20,2024,5
"2024-05-01","SA",66,2024,5
"2024-05-01","SA",174,2024,5
"2024-05-01","SA",2,2024,5
"2024-05-01","SA",9,2024,5
"2024-05-01","SA",1,2024,5
"2024-05-01","SA",1,2024,5
"2024-05-01","SA",1,2024,5
"2024-05-01","SA",32,2024,5
"2024-05-01","SA",3,2024,5
"2024-05-01","SA",66,2024,5
"2024-05-01","SA",2,2024,5
"2024-05-01","SA",78,2024,5
"2024-05-01","SA",22,2024,5
"2024-05-01","SA",26,2024,5
"2024-05-01","SA",3,2024,5
"2024-05-01","SA",46,2024,5
"2024-05-01","SA",5,2024,5
"2024-05-01","SA",56,2024,5
"2024-05-01","SA",5,2024,5
"2024-05-01","SA",20,2024,5
"2024-05-01","SA",26,2024,5
"2024-05-01","SA",54,2024,5
"2024-05-01","SA",87,2024,5
"2024-05-01","SA",22,2024,5
"2024-05-01","TAS",1,2024,5
"2024-05-01","TAS",589,2024,5
"2024-05-01","TAS",291,2024,5
"2024-05-01","TAS",1490,2024,5
"2024-05-01","TAS",409,2024,5
"2024-05-01","TAS",2114,2024,5
"2024-05-01","TAS",471,2024,5
"2024-05-01","TAS",752,2024,5
"2024-05-01","TAS",142,2024,5
"2024-05-01","TAS",2,2024,5
"2024-05-01","VIC",0,2024,5
"2024-05-01","VIC",0,2024,5
"2024-05-01","VIC",82,2024,5
"2024-05-01","VIC",677,2024,5
"2024-05-01","VIC",299,2024,5
"2024-05-01","VIC",2046,2024,5
"2024-05-01","VIC",572,2024,5
"2024-05-01","VIC",3331,2024,5
"2024-05-01","VIC",292,2024,5
"2024-05-01","VIC",1547,2024,5
"2024-05-01","VIC",30,2024,5
"2024-05-01","VIC",140,2024,5
"2024-05-01","VIC",0,2024,5
"2024-05-01","VIC",0,2024,5
"2024-05-01","VIC",2954,2024,5
"2024-05-01","VIC",2419,2024,5
"2024-05-01","VIC",9893,2024,5
"2024-05-01","VIC",8608,2024,5
"2024-05-01","VIC",16579,2024,5
"2024-05-01","VIC",13997,2024,5
"2024-05-01","VIC",4924,2024,5
"2024-05-01","VIC",4027,2024,5
"2024-05-01","VIC",968,2024,5
"2024-05-01","VIC",582,2024,5
"2024-05-01","VIC",0,2024,5
"2024-05-01","VIC",0,2024,5
"2024-05-01","VIC",0,2024,5
"2024-05-01","VIC",141,2024,5
"2024-05-01","VIC",7,2024,5
"2024-05-01","VIC",348,2024,5
"2024-05-01","VIC",17,2024,5
"2024-05-01","VIC",519,2024,5
"2024-05-01","VIC",4,2024,5
"2024-05-01","VIC",285,2024,5
"2024-05-01","VIC",0,2024,5
"2024-05-01","VIC",34,2024,5
"2024-05-01","VIC",0,2024,5
"2024-05-01","VIC",0,2024,5
"2024-05-01","VIC",0,2024,5
"2024-05-01","VIC",0,2024,5
"2024-05-01","VIC",0,2024,5
"2024-05-01","VIC",0,2024,5
"2024-05-01","VIC",0,2024,5
"2024-05-01","VIC",0,2024,5
"2024-05-01","VIC",0,2024,5
"2024-05-01","VIC",0,2024,5
"2024-05-01","VIC",0,2024,5
"2024-05-01","VIC",0,2024,5
"2024-05-01","VIC",0,2024,5
"2024-05-01","VIC",0,2024,5
"2024-05-01","VIC",3,2024,5
"2024-05-01","VIC",622,2024,5
"2024-05-01","VIC",0,2024,5
"2024-05-01","VIC",2004,2024,5
"2024-05-01","VIC",1429,2024,5
"2024-05-01","VIC",0,2024,5
"2024-05-01","VIC",3942,2024,5
"2024-05-01","VIC",1748,2024,5
"2024-05-01","VIC",0,2024,5
"2024-05-01","VIC",4662,2024,5
"2024-05-01","VIC",336,2024,5
"2024-05-01","VIC",0,2024,5
"2024-05-01","VIC",1107,2024,5
"2024-05-01","VIC",111,2024,5
"2024-05-01","VIC",0,2024,5
"2024-05-01","VIC",5,2024,5
"2024-05-01","WA",3,2024,5
"2024-05-01","WA",9,2024,5
"2024-05-01","WA",13,2024,5
"2024-05-01","WA",3,2024,5
"2024-05-01","WA",0,2024,5
"2024-05-01","WA",215,2024,5
"2024-05-01","WA",839,2024,5
"2024-05-01","WA",4293,2024,5
"2024-05-01","WA",1273,2024,5
"2024-05-01","WA",727,2024,5
"2024-05-01","WA",0,2024,5
"2024-05-01","WA",502,2024,5
"2024-05-01","WA",2540,2024,5
"2024-05-01","WA",10051,2024,5
"2024-05-01","WA",2677,2024,5
"2024-05-01","WA",2315,2024,5
"2024-05-01","WA",0,2024,5
"2024-05-01","WA",538,2024,5
"2024-05-01","WA",3650,2024,5
"2024-05-01","WA",14521,2024,5
"2024-05-01","WA",3188,2024,5
"2024-05-01","WA",4778,2024,5
"2024-05-01","WA",0,2024,5
"2024-05-01","WA",98,2024,5
"2024-05-01","WA",982,2024,5
"2024-05-01","WA",3349,2024,5
"2024-05-01","WA",642,2024,5
"2024-05-01","WA",1604,2024,5
"2024-05-01","WA",0,2024,5
"2024-06-01","ACT",1,2024,6
"2024-06-01","ACT",1,2024,6
"2024-06-01","ACT",326,2024,6
"2024-06-01","ACT",189,2024,6
"2024-06-01","ACT",41,2024,6
"2024-06-01","ACT",685,2024,6
"2024-06-01","ACT",492,2024,6
"2024-06-01","ACT",48,2024,6
"2024-06-01","ACT",1098,2024,6
"2024-06-01","ACT",695,2024,6
"2024-06-01","ACT",34,2024,6
"2024-06-01","ACT",336,2024,6
"2024-06-01","ACT",228,2024,6
"2024-06-01","ACT",2,2024,6
"2024-06-01","ACT",37,2024,6
"2024-06-01","ACT",35,2024,6
"2024-06-01","NSW",5,2024,6
"2024-06-01","NSW",1564,2024,6
"2024-06-01","NSW",2374,2024,6
"2024-06-01","NSW",2544,2024,6
"2024-06-01","NSW",636,2024,6
"2024-06-01","NSW",5,2024,6
"2024-06-01","NSW",2232,2024,6
"2024-06-01","NSW",2458,2024,6
"2024-06-01","NSW",2288,2024,6
"2024-06-01","NSW",308,2024,6
"2024-06-01","NSW",448,2024,6
"2024-06-01","NSW",699,2024,6
"2024-06-01","NSW",767,2024,6
"2024-06-01","NSW",194,2024,6
"2024-06-01","NSW",35,2024,6
"2024-06-01","NSW",68,2024,6
"2024-06-01","NSW",76,2024,6
"2024-06-01","NSW",37,2024,6
"2024-06-01","NSW",33,2024,6
"2024-06-01","NSW",50,2024,6
"2024-06-01","NSW",49,2024,6
"2024-06-01","NSW",10,2024,6
"2024-06-01","NSW",37747,2024,6
"2024-06-01","NSW",3312,2024,6
"2024-06-01","NSW",17350,2024,6
"2024-06-01","NSW",3,2024,6
"2024-06-01","NSW",10,2024,6
"2024-06-01","NSW",3,2024,6
"2024-06-01","NT",1,2024,6
"2024-06-01","NT",2,2024,6
"2024-06-01","NT",1,2024,6
"2024-06-01","NT",119,2024,6
"2024-06-01","NT",184,2024,6
"2024-06-01","NT",0,2024,6
"2024-06-01","NT",52,2024,6
"2024-06-01","NT",383,2024,6
"2024-06-01","NT",508,2024,6
"2024-06-01","NT",0,2024,6
"2024-06-01","NT",83,2024,6
"2024-06-01","NT",610,2024,6
"2024-06-01","NT",537,2024,6
"2024-06-01","NT",0,2024,6
"2024-06-01","NT",98,2024,6
"2024-06-01","NT",98,2024,6
"2024-06-01","NT",169,2024,6
"2024-06-01","NT",0,2024,6
"2024-06-01","NT",23,2024,6
"2024-06-01","NT",42,2024,6
"2024-06-01","NT",47,2024,6
"2024-06-01","QLD",626,2024,6
"2024-06-01","QLD",886,2024,6
"2024-06-01","QLD",2,2024,6
"2024-06-01","QLD",2949,2024,6
"2024-06-01","QLD",5614,2024,6
"2024-06-01","QLD",1988,2024,6
"2024-06-01","QLD",6273,2024,6
"2024-06-01","QLD",11578,2024,6
"2024-06-01","QLD",2760,2024,6
"2024-06-01","QLD",9509,2024,6
"2024-06-01","QLD",16502,2024,6
"2024-06-01","QLD",3150,2024,6
"2024-06-01","QLD",2592,2024,6
"2024-06-01","QLD",4354,2024,6
"2024-06-01","QLD",591,2024,6
"2024-06-01","QLD",79,2024,6
"2024-06-01","QLD",114,2024,6
"2024-06-01","SA",41,2024,6
"2024-06-01","SA",68,2024,6
"2024-06-01","SA",183,2024,6
"2024-06-01","SA",108,2024,6
"2024-06-01","SA",193,2024,6
"2024-06-01","SA",312,2024,6
"2024-06-01","SA",122,2024,6
"2024-06-01","SA",354,2024,6
"2024-06-01","SA",399,2024,6
"2024-06-01","SA",52,2024,6
"2024-06-01","SA",142,2024,6
"2024-06-01","SA",144,2024,6
"2024-06-01","SA",21,2024,6
"2024-06-01","SA",28,2024,6
"2024-06-01","SA",2,2024,6
"2024-06-01","SA",356,2024,6
"2024-06-01","SA",462,2024,6
"2024-06-01","SA",279,2024,6
"2024-06-01","SA",818,2024,6
"2024-06-01","SA",1222,2024,6
"2024-06-01","SA",471,2024,6
"2024-06-01","SA",1697,2024,6
"2024-06-01","SA",1903,2024,6
"2024-06-01","SA",502,2024,6
"2024-06-01","SA",679,2024,6
"2024-06-01","SA",533,2024,6
"2024-06-01","SA",129,2024,6
"2024-06-01","SA",128,2024,6
"2024-06-01","SA",114,2024,6
"2024-06-01","SA",2,2024,6
"2024-06-01","SA",1,2024,6
"2024-06-01","SA",17,2024,6
"2024-06-01","SA",20,2024,6
"2024-06-01","SA",171,2024,6
"2024-06-01","SA",36,2024,6
"2024-06-01","SA",57,2024,6
"2024-06-01","SA",342,2024,6
"2024-06-01","SA",55,2024,6
"2024-06-01","SA",100,2024,6
"2024-06-01","SA",479,2024,6
"2024-06-01","SA",16,2024,6
"2024-06-01","SA",42,2024,6
"2024-06-01","SA",146,2024,6
"2024-06-01","SA",3,2024,6
"2024-06-01","SA",4,2024,6
"2024-06-01","SA",1,2024,6
"2024-06-01","SA",3,2024,6
"2024-06-01","SA",33,2024,6
"2024-06-01","SA",20,2024,6
"2024-06-01","SA",91,2024,6
"2024-06-01","SA",49,2024,6
"2024-06-01","SA",102,2024,6
"2024-06-01","SA",28,2024,6
"2024-06-01","SA",28,2024,6
"2024-06-01","SA",22,2024,6
"2024-06-01","SA",29,2024,6
"2024-06-01","SA",1,2024,6
"2024-06-01","SA",44,2024,6
"2024-06-01","SA",1,2024,6
"2024-06-01","SA",8,2024,6
"2024-06-01","SA",19,2024,6
"2024-06-01","SA",48,2024,6
"2024-06-01","SA",65,2024,6
"2024-06-01","SA",21,2024,6
"2024-06-01","TAS",0,2024,6
"2024-06-01","TAS",395,2024,6
"2024-06-01","TAS",285,2024,6
"2024-06-01","TAS",1158,2024,6
"2024-06-01","TAS",382,2024,6
"2024-06-01","TAS",1553,2024,6
"2024-06-01","TAS",487,2024,6
"2024-06-01","TAS",599,2024,6
"2024-06-01","TAS",120,2024,6
"2024-06-01","TAS",3,2024,6
"2024-06-01","VIC",0,2024,6
"2024-06-01","VIC",0,2024,6
"2024-06-01","VIC",62,2024,6
"2024-06-01","VIC",495,2024,6
"2024-06-01","VIC",250,2024,6
"2024-06-01","VIC",1544,2024,6
"2024-06-01","VIC",513,2024,6
"2024-06-01","VIC",2519,2024,6
"2024-06-01","VIC",211,2024,6
"2024-06-01","VIC",1154,2024,6
"2024-06-01","VIC",21,2024,6
"2024-06-01","VIC",96,2024,6
"2024-06-01","VIC",0,2024,6
"2024-06-01","VIC",0,2024,6
"2024-06-01","VIC",2564,2024,6
"2024-06-01","VIC",1918,2024,6
"2024-06-01","VIC",8887,2024,6
"2024-06-01","VIC",6173,2024,6
"2024-06-01","VIC",14691,2024,6
"2024-06-01","VIC",10211,2024,6
"2024-06-01","VIC",4254,2024,6
"2024-06-01","VIC",2944,2024,6
"2024-06-01","VIC",807,2024,6
"2024-06-01","VIC",463,2024,6
"2024-06-01","VIC",0,2024,6
"2024-06-01","VIC",0,2024,6
"2024-06-01","VIC",4,2024,6
"2024-06-01","VIC",101,2024,6
"2024-06-01","VIC",6,2024,6
"2024-06-01","VIC",259,2024,6
"2024-06-01","VIC",19,2024,6
"2024-06-01","VIC",417,2024,6
"2024-06-01","VIC",6,2024,6
"2024-06-01","VIC",224,2024,6
"2024-06-01","VIC",0,2024,6
"2024-06-01","VIC",38,2024,6
"2024-06-01","VIC",0,2024,6
"2024-06-01","VIC",0,2024,6
"2024-06-01","VIC",0,2024,6
"2024-06-01","VIC",0,2024,6
"2024-06-01","VIC",0,2024,6
"2024-06-01","VIC",0,2024,6
"2024-06-01","VIC",0,2024,6
"2024-06-01","VIC",1,2024,6
"2024-06-01","VIC",0,2024,6
"2024-06-01","VIC",0,2024,6
"2024-06-01","VIC",0,2024,6
"2024-06-01","VIC",0,2024,6
"2024-06-01","VIC",0,2024,6
"2024-06-01","VIC",0,2024,6
"2024-06-01","VIC",404,2024,6
"2024-06-01","VIC",0,2024,6
"2024-06-01","VIC",2115,2024,6
"2024-06-01","VIC",977,2024,6
"2024-06-01","VIC",0,2024,6
"2024-06-01","VIC",4072,2024,6
"2024-06-01","VIC",1297,2024,6
"2024-06-01","VIC",0,2024,6
"2024-06-01","VIC",5043,2024,6
"2024-06-01","VIC",293,2024,6
"2024-06-01","VIC",0,2024,6
"2024-06-01","VIC",1197,2024,6
"2024-06-01","VIC",101,2024,6
"2024-06-01","VIC",0,2024,6
"2024-06-01","VIC",6,2024,6
"2024-06-01","WA",9,2024,6
"2024-06-01","WA",18,2024,6
"2024-06-01","WA",138,2024,6
"2024-06-01","WA",1,2024,6
"2024-06-01","WA",38,2024,6
"2024-06-01","WA",0,2024,6
"2024-06-01","WA",155,2024,6
"2024-06-01","WA",596,2024,6
"2024-06-01","WA",4251,2024,6
"2024-06-01","WA",998,2024,6
"2024-06-01","WA",683,2024,6
"2024-06-01","WA",0,2024,6
"2024-06-01","WA",358,2024,6
"2024-06-01","WA",1754,2024,6
"2024-06-01","WA",10044,2024,6
"2024-06-01","WA",1764,2024,6
"2024-06-01","WA",2104,2024,6
"2024-06-01","WA",0,2024,6
"2024-06-01","WA",485,2024,6
"2024-06-01","WA",2622,2024,6
"2024-06-01","WA",14494,2024,6
"2024-06-01","WA",2204,2024,6
"2024-06-01","WA",4622,2024,6
"2024-06-01","WA",0,2024,6
"2024-06-01","WA",66,2024,6
"2024-06-01","WA",676,2024,6
"2024-06-01","WA",3310,2024,6
"2024-06-01","WA",460,2024,6
"2024-06-01","WA",1408,2024,6
"2024-06-01","WA",0,2024,6
"2024-07-01","ACT",2,2024,7
"2024-07-01","ACT",3,2024,7
"2024-07-01","ACT",426,2024,7
"2024-07-01","ACT",188,2024,7
"2024-07-01","ACT",52,2024,7
"2024-07-01","ACT",918,2024,7
"2024-07-01","ACT",410,2024,7
"2024-07-01","ACT",60,2024,7
"2024-07-01","ACT",1340,2024,7
"2024-07-01","ACT",573,2024,7
"2024-07-01","ACT",54,2024,7
"2024-07-01","ACT",327,2024,7
"2024-07-01","ACT",206,2024,7
"2024-07-01","ACT",3,2024,7
"2024-07-01","ACT",58,2024,7
"2024-07-01","ACT",39,2024,7
"2024-07-01","NSW",8,2024,7
"2024-07-01","NSW",1266,2024,7
"2024-07-01","NSW",1895,2024,7
"2024-07-01","NSW",2225,2024,7
"2024-07-01","NSW",440,2024,7
"2024-07-01","NSW",8,2024,7
"2024-07-01","NSW",1695,2024,7
"2024-07-01","NSW",1957,2024,7
"2024-07-01","NSW",1731,2024,7
"2024-07-01","NSW",243,2024,7
"2024-07-01","NSW",1,2024,7
"2024-07-01","NSW",317,2024,7
"2024-07-01","NSW",516,2024,7
"2024-07-01","NSW",603,2024,7
"2024-07-01","NSW",184,2024,7
"2024-07-01","NSW",34,2024,7
"2024-07-01","NSW",34,2024,7
"2024-07-01","NSW",52,2024,7
"2024-07-01","NSW",18,2024,7
"2024-07-01","NSW",70,2024,7
"2024-07-01","NSW",105,2024,7
"2024-07-01","NSW",79,2024,7
"2024-07-01","NSW",18,2024,7
"2024-07-01","NSW",40419,2024,7
"2024-07-01","NSW",4055,2024,7
"2024-07-01","NSW",18934,2024,7
"2024-07-01","NSW",1,2024,7
"2024-07-01","NSW",2,2024,7
"2024-07-01","NSW",3,2024,7
"2024-07-01","NT",3,2024,7
"2024-07-01","NT",137,2024,7
"2024-07-01","NT",280,2024,7
"2024-07-01","NT",0,2024,7
"2024-07-01","NT",73,2024,7
"2024-07-01","NT",395,2024,7
"2024-07-01","NT",579,2024,7
"2024-07-01","NT",0,2024,7
"2024-07-01","NT",134,2024,7
"2024-07-01","NT",635,2024,7
"2024-07-01","NT",795,2024,7
"2024-07-01","NT",0,2024,7
"2024-07-01","NT",135,2024,7
"2024-07-01","NT",131,2024,7
"2024-07-01","NT",191,2024,7
"2024-07-01","NT",29,2024,7
"2024-07-01","NT",60,2024,7
"2024-07-01","NT",74,2024,7
"2024-07-01","QLD",552,2024,7
"2024-07-01","QLD",883,2024,7
"2024-07-01","QLD",2,2024,7
"2024-07-01","QLD",2476,2024,7
"2024-07-01","QLD",5324,2024,7
"2024-07-01","QLD",1951,2024,7
"2024-07-01","QLD",5691,2024,7
"2024-07-01","QLD",10984,2024,7
"2024-07-01","QLD",2825,2024,7
"2024-07-01","QLD",8580,2024,7
"2024-07-01","QLD",16277,2024,7
"2024-07-01","QLD",3145,2024,7
"2024-07-01","QLD",2471,2024,7
"2024-07-01","QLD",4468,2024,7
"2024-07-01","QLD",637,2024,7
"2024-07-01","QLD",80,2024,7
"2024-07-01","QLD",115,2024,7
"2024-07-01","SA",1,2024,7
"2024-07-01","SA",47,2024,7
"2024-07-01","SA",91,2024,7
"2024-07-01","SA",160,2024,7
"2024-07-01","SA",86,2024,7
"2024-07-01","SA",278,2024,7
"2024-07-01","SA",306,2024,7
"2024-07-01","SA",106,2024,7
"2024-07-01","SA",486,2024,7
"2024-07-01","SA",405,2024,7
"2024-07-01","SA",28,2024,7
"2024-07-01","SA",275,2024,7
"2024-07-01","SA",121,2024,7
"2024-07-01","SA",7,2024,7
"2024-07-01","SA",30,2024,7
"2024-07-01","SA",2,2024,7
"2024-07-01","SA",1,2024,7
"2024-07-01","SA",406,2024,7
"2024-07-01","SA",469,2024,7
"2024-07-01","SA",418,2024,7
"2024-07-01","SA",897,2024,7
"2024-07-01","SA",1111,2024,7
"2024-07-01","SA",653,2024,7
"2024-07-01","SA",1921,2024,7
"2024-07-01","SA",1603,2024,7
"2024-07-01","SA",711,2024,7
"2024-07-01","SA",771,2024,7
"2024-07-01","SA",462,2024,7
"2024-07-01","SA",151,2024,7
"2024-07-01","SA",137,2024,7
"2024-07-01","SA",105,2024,7
"2024-07-01","SA",5,2024,7
"2024-07-01","SA",36,2024,7
"2024-07-01","SA",44,2024,7
"2024-07-01","SA",183,2024,7
"2024-07-01","SA",26,2024,7
"2024-07-01","SA",119,2024,7
"2024-07-01","SA",383,2024,7
"2024-07-01","SA",45,2024,7
"2024-07-01","SA",276,2024,7
"2024-07-01","SA",1,2024,7
"2024-07-01","SA",567,2024,7
"2024-07-01","SA",18,2024,7
"2024-07-01","SA",146,2024,7
"2024-07-01","SA",164,2024,7
"2024-07-01","SA",7,2024,7
"2024-07-01","SA",11,2024,7
"2024-07-01","SA",2,2024,7
"2024-07-01","SA",2,2024,7
"2024-07-01","SA",43,2024,7
"2024-07-01","SA",8,2024,7
"2024-07-01","SA",83,2024,7
"2024-07-01","SA",18,2024,7
"2024-07-01","SA",107,2024,7
"2024-07-01","SA",3,2024,7
"2024-07-01","SA",28,2024,7
"2024-07-01","SA",18,2024,7
"2024-07-01","SA",1,2024,7
"2024-07-01","SA",40,2024,7
"2024-07-01","SA",1,2024,7
"2024-07-01","SA",54,2024,7
"2024-07-01","SA",25,2024,7
"2024-07-01","SA",16,2024,7
"2024-07-01","SA",47,2024,7
"2024-07-01","SA",60,2024,7
"2024-07-01","SA",20,2024,7
"2024-07-01","TAS",1,2024,7
"2024-07-01","TAS",424,2024,7
"2024-07-01","TAS",325,2024,7
"2024-07-01","TAS",1179,2024,7
"2024-07-01","TAS",433,2024,7
"2024-07-01","TAS",1718,2024,7
"2024-07-01","TAS",500,2024,7
"2024-07-01","TAS",665,2024,7
"2024-07-01","TAS",125,2024,7
"2024-07-01","TAS",2,2024,7
"2024-07-01","VIC",0,2024,7
"2024-07-01","VIC",0,2024,7
"2024-07-01","VIC",87,2024,7
"2024-07-01","VIC",671,2024,7
"2024-07-01","VIC",317,2024,7
"2024-07-01","VIC",2246,2024,7
"2024-07-01","VIC",606,2024,7
"2024-07-01","VIC",3665,2024,7
"2024-07-01","VIC",279,2024,7
"2024-07-01","VIC",1525,2024,7
"2024-07-01","VIC",15,2024,7
"2024-07-01","VIC",128,2024,7
"2024-07-01","VIC",0,2024,7
"2024-07-01","VIC",0,2024,7
"2024-07-01","VIC",2891,2024,7
"2024-07-01","VIC",2721,2024,7
"2024-07-01","VIC",9751,2024,7
"2024-07-01","VIC",9362,2024,7
"2024-07-01","VIC",15699,2024,7
"2024-07-01","VIC",14713,2024,7
"2024-07-01","VIC",4587,2024,7
"2024-07-01","VIC",4237,2024,7
"2024-07-01","VIC",766,2024,7
"2024-07-01","VIC",644,2024,7
"2024-07-01","VIC",0,2024,7
"2024-07-01","VIC",0,2024,7
"2024-07-01","VIC",1,2024,7
"2024-07-01","VIC",113,2024,7
"2024-07-01","VIC",11,2024,7
"2024-07-01","VIC",432,2024,7
"2024-07-01","VIC",11,2024,7
"2024-07-01","VIC",672,2024,7
"2024-07-01","VIC",2,2024,7
"2024-07-01","VIC",293,2024,7
"2024-07-01","VIC",0,2024,7
"2024-07-01","VIC",42,2024,7
"2024-07-01","VIC",0,2024,7
"2024-07-01","VIC",0,2024,7
"2024-07-01","VIC",0,2024,7
"2024-07-01","VIC",0,2024,7
"2024-07-01","VIC",0,2024,7
"2024-07-01","VIC",0,2024,7
"2024-07-01","VIC",0,2024,7
"2024-07-01","VIC",0,2024,7
"2024-07-01","VIC",0,2024,7
"2024-07-01","VIC",0,2024,7
"2024-07-01","VIC",0,2024,7
"2024-07-01","VIC",0,2024,7
"2024-07-01","VIC",0,2024,7
"2024-07-01","VIC",0,2024,7
"2024-07-01","VIC",5,2024,7
"2024-07-01","VIC",584,2024,7
"2024-07-01","VIC",0,2024,7
"2024-07-01","VIC",1955,2024,7
"2024-07-01","VIC",1197,2024,7
"2024-07-01","VIC",0,2024,7
"2024-07-01","VIC",3871,2024,7
"2024-07-01","VIC",1515,2024,7
"2024-07-01","VIC",0,2024,7
"2024-07-01","VIC",4657,2024,7
"2024-07-01","VIC",336,2024,7
"2024-07-01","VIC",0,2024,7
"2024-07-01","VIC",1018,2024,7
"2024-07-01","VIC",106,2024,7
"2024-07-01","VIC",0,2024,7
"2024-07-01","VIC",6,2024,7
"2024-07-01","WA",19,2024,7
"2024-07-01","WA",40,2024,7
"2024-07-01","WA",245,2024,7
"2024-07-01","WA",80,2024,7
"2024-07-01","WA",0,2024,7
"2024-07-01","WA",195,2024,7
"2024-07-01","WA",445,2024,7
"2024-07-01","WA",4168,2024,7
"2024-07-01","WA",1178,2024,7
"2024-07-01","WA",765,2024,7
"2024-07-01","WA",0,2024,7
"2024-07-01","WA",476,2024,7
"2024-07-01","WA",878,2024,7
"2024-07-01","WA",10481,2024,7
"2024-07-01","WA",2180,2024,7
"2024-07-01","WA",2343,2024,7
"2024-07-01","WA",0,2024,7
"2024-07-01","WA",552,2024,7
"2024-07-01","WA",1335,2024,7
"2024-07-01","WA",15191,2024,7
"2024-07-01","WA",2628,2024,7
"2024-07-01","WA",4848,2024,7
"2024-07-01","WA",0,2024,7
"2024-07-01","WA",80,2024,7
"2024-07-01","WA",360,2024,7
"2024-07-01","WA",3715,2024,7
"2024-07-01","WA",463,2024,7
"2024-07-01","WA",1522,2024,7
"2024-07-01","WA",0,2024,7
"2024-08-01","ACT",0,2024,8
"2024-08-01","ACT",528,2024,8
"2024-08-01","ACT",235,2024,8
"2024-08-01","ACT",62,2024,8
"2024-08-01","ACT",1050,2024,8
"2024-08-01","ACT",488,2024,8
"2024-08-01","ACT",74,2024,8
"2024-08-01","ACT",1548,2024,8
"2024-08-01","ACT",671,2024,8
"2024-08-01","ACT",61,2024,8
"2024-08-01","ACT",382,2024,8
"2024-08-01","ACT",260,2024,8
"2024-08-01","ACT",6,2024,8
"2024-08-01","ACT",73,2024,8
"2024-08-01","ACT",31,2024,8
"2024-08-01","NSW",7,2024,8
"2024-08-01","NSW",1612,2024,8
"2024-08-01","NSW",2322,2024,8
"2024-08-01","NSW",2465,2024,8
"2024-08-01","NSW",602,2024,8
"2024-08-01","NSW",2,2024,8
"2024-08-01","NSW",2121,2024,8
"2024-08-01","NSW",2161,2024,8
"2024-08-01","NSW",1914,2024,8
"2024-08-01","NSW",281,2024,8
"2024-08-01","NSW",1,2024,8
"2024-08-01","NSW",446,2024,8
"2024-08-01","NSW",746,2024,8
"2024-08-01","NSW",883,2024,8
"2024-08-01","NSW",224,2024,8
"2024-08-01","NSW",1,2024,8
"2024-08-01","NSW",18,2024,8
"2024-08-01","NSW",59,2024,8
"2024-08-01","NSW",75,2024,8
"2024-08-01","NSW",18,2024,8
"2024-08-01","NSW",23,2024,8
"2024-08-01","NSW",31,2024,8
"2024-08-01","NSW",29,2024,8
"2024-08-01","NSW",5,2024,8
"2024-08-01","NSW",41220,2024,8
"2024-08-01","NSW",3356,2024,8
"2024-08-01","NSW",19596,2024,8
"2024-08-01","NSW",4,2024,8
"2024-08-01","NSW",8,2024,8
"2024-08-01","NSW",10,2024,8
"2024-08-01","NSW",1,2024,8
"2024-08-01","NT",2,2024,8
"2024-08-01","NT",1,2024,8
"2024-08-01","NT",2,2024,8
"2024-08-01","NT",95,2024,8
"2024-08-01","NT",350,2024,8
"2024-08-01","NT",0,2024,8
"2024-08-01","NT",62,2024,8
"2024-08-01","NT",287,2024,8
"2024-08-01","NT",960,2024,8
"2024-08-01","NT",0,2024,8
"2024-08-01","NT",111,2024,8
"2024-08-01","NT",465,2024,8
"2024-08-01","NT",1150,2024,8
"2024-08-01","NT",0,2024,8
"2024-08-01","NT",161,2024,8
"2024-08-01","NT",101,2024,8
"2024-08-01","NT",303,2024,8
"2024-08-01","NT",0,2024,8
"2024-08-01","NT",27,2024,8
"2024-08-01","NT",28,2024,8
"2024-08-01","NT",69,2024,8
"2024-08-01","QLD",664,2024,8
"2024-08-01","QLD",813,2024,8
"2024-08-01","QLD",5,2024,8
"2024-08-01","QLD",2788,2024,8
"2024-08-01","QLD",5066,2024,8
"2024-08-01","QLD",2150,2024,8
"2024-08-01","QLD",6308,2024,8
"2024-08-01","QLD",10291,2024,8
"2024-08-01","QLD",3111,2024,8
"2024-08-01","QLD",9186,2024,8
"2024-08-01","QLD",14875,2024,8
"2024-08-01","QLD",3345,2024,8
"2024-08-01","QLD",2708,2024,8
"2024-08-01","QLD",4063,2024,8
"2024-08-01","QLD",719,2024,8
"2024-08-01","QLD",69,2024,8
"2024-08-01","QLD",91,2024,8
"2024-08-01","SA",19,2024,8
"2024-08-01","SA",85,2024,8
"2024-08-01","SA",193,2024,8
"2024-08-01","SA",65,2024,8
"2024-08-01","SA",239,2024,8
"2024-08-01","SA",370,2024,8
"2024-08-01","SA",87,2024,8
"2024-08-01","SA",507,2024,8
"2024-08-01","SA",481,2024,8
"2024-08-01","SA",33,2024,8
"2024-08-01","SA",234,2024,8
"2024-08-01","SA",135,2024,8
"2024-08-01","SA",17,2024,8
"2024-08-01","SA",24,2024,8
"2024-08-01","SA",1,2024,8
"2024-08-01","SA",1,2024,8
"2024-08-01","SA",383,2024,8
"2024-08-01","SA",432,2024,8
"2024-08-01","SA",364,2024,8
"2024-08-01","SA",856,2024,8
"2024-08-01","SA",1121,2024,8
"2024-08-01","SA",608,2024,8
"2024-08-01","SA",1699,2024,8
"2024-08-01","SA",1856,2024,8
"2024-08-01","SA",708,2024,8
"2024-08-01","SA",649,2024,8
"2024-08-01","SA",486,2024,8
"2024-08-01","SA",175,2024,8
"2024-08-01","SA",124,2024,8
"2024-08-01","SA",97,2024,8
"2024-08-01","SA",3,2024,8
"2024-08-01","SA",23,2024,8
"2024-08-01","SA",43,2024,8
"2024-08-01","SA",240,2024,8
"2024-08-01","SA",18,2024,8
"2024-08-01","SA",111,2024,8
"2024-08-01","SA",457,2024,8
"2024-08-01","SA",29,2024,8
"2024-08-01","SA",239,2024,8
"2024-08-01","SA",620,2024,8
"2024-08-01","SA",16,2024,8
"2024-08-01","SA",116,2024,8
"2024-08-01","SA",204,2024,8
"2024-08-01","SA",3,2024,8
"2024-08-01","SA",8,2024,8
"2024-08-01","SA",1,2024,8
"2024-08-01","SA",6,2024,8
"2024-08-01","SA",33,2024,8
"2024-08-01","SA",21,2024,8
"2024-08-01","SA",68,2024,8
"2024-08-01","SA",30,2024,8
"2024-08-01","SA",82,2024,8
"2024-08-01","SA",16,2024,8
"2024-08-01","SA",24,2024,8
"2024-08-01","SA",3,2024,8
"2024-08-01","SA",30,2024,8
"2024-08-01","SA",45,2024,8
"2024-08-01","SA",60,2024,8
"2024-08-01","SA",30,2024,8
"2024-08-01","SA",25,2024,8
"2024-08-01","SA",44,2024,8
"2024-08-01","SA",52,2024,8
"2024-08-01","SA",13,2024,8
"2024-08-01","TAS",3,2024,8
"2024-08-01","TAS",0,2024,8
"2024-08-01","TAS",526,2024,8
"2024-08-01","TAS",377,2024,8
"2024-08-01","TAS",1260,2024,8
"2024-08-01","TAS",589,2024,8
"2024-08-01","TAS",1780,2024,8
"2024-08-01","TAS",698,2024,8
"2024-08-01","TAS",635,2024,8
"2024-08-01","TAS",194,2024,8
"2024-08-01","VIC",0,2024,8
"2024-08-01","VIC",0,2024,8
"2024-08-01","VIC",83,2024,8
"2024-08-01","VIC",579,2024,8
"2024-08-01","VIC",279,2024,8
"2024-08-01","VIC",1616,2024,8
"2024-08-01","VIC",609,2024,8
"2024-08-01","VIC",2722,2024,8
"2024-08-01","VIC",265,2024,8
"2024-08-01","VIC",1358,2024,8
"2024-08-01","VIC",28,2024,8
"2024-08-01","VIC",87,2024,8
"2024-08-01","VIC",0,2024,8
"2024-08-01","VIC",0,2024,8
"2024-08-01","VIC",3079,2024,8
"2024-08-01","VIC",2240,2024,8
"2024-08-01","VIC",9235,2024,8
"2024-08-01","VIC",7624,2024,8
"2024-08-01","VIC",15324,2024,8
"2024-08-01","VIC",12379,2024,8
"2024-08-01","VIC",4515,2024,8
"2024-08-01","VIC",3344,2024,8
"2024-08-01","VIC",793,2024,8
"2024-08-01","VIC",523,2024,8
"2024-08-01","VIC",0,2024,8
"2024-08-01","VIC",0,2024,8
"2024-08-01","VIC",2,2024,8
"2024-08-01","VIC",98,2024,8
"2024-08-01","VIC",9,2024,8
"2024-08-01","VIC",384,2024,8
"2024-08-01","VIC",9,2024,8
"2024-08-01","VIC",614,2024,8
"2024-08-01","VIC",3,2024,8
"2024-08-01","VIC",292,2024,8
"2024-08-01","VIC",0,2024,8
"2024-08-01","VIC",36,2024,8
"2024-08-01","VIC",0,2024,8
"2024-08-01","VIC",0,2024,8
"2024-08-01","VIC",0,2024,8
"2024-08-01","VIC",0,2024,8
"2024-08-01","VIC",0,2024,8
"2024-08-01","VIC",1,2024,8
"2024-08-01","VIC",0,2024,8
"2024-08-01","VIC",0,2024,8
"2024-08-01","VIC",0,2024,8
"2024-08-01","VIC",0,2024,8
"2024-08-01","VIC",0,2024,8
"2024-08-01","VIC",0,2024,8
"2024-08-01","VIC",0,2024,8
"2024-08-01","VIC",0,2024,8
"2024-08-01","VIC",4,2024,8
"2024-08-01","VIC",755,2024,8
"2024-08-01","VIC",0,2024,8
"2024-08-01","VIC",2187,2024,8
"2024-08-01","VIC",1687,2024,8
"2024-08-01","VIC",0,2024,8
"2024-08-01","VIC",4068,2024,8
"2024-08-01","VIC",1805,2024,8
"2024-08-01","VIC",0,2024,8
"2024-08-01","VIC",5064,2024,8
"2024-08-01","VIC",343,2024,8
"2024-08-01","VIC",0,2024,8
"2024-08-01","VIC",1172,2024,8
"2024-08-01","VIC",124,2024,8
"2024-08-01","VIC",0,2024,8
"2024-08-01","VIC",3,2024,8
"2024-08-01","WA",8,2024,8
"2024-08-01","WA",46,2024,8
"2024-08-01","WA",268,2024,8
"2024-08-01","WA",1,2024,8
"2024-08-01","WA",86,2024,8
"2024-08-01","WA",0,2024,8
"2024-08-01","WA",216,2024,8
"2024-08-01","WA",468,2024,8
"2024-08-01","WA",5101,2024,8
"2024-08-01","WA",1233,2024,8
"2024-08-01","WA",778,2024,8
"2024-08-01","WA",0,2024,8
"2024-08-01","WA",480,2024,8
"2024-08-01","WA",1062,2024,8
"2024-08-01","WA",11130,2024,8
"2024-08-01","WA",2341,2024,8
"2024-08-01","WA",2417,2024,8
"2024-08-01","WA",0,2024,8
"2024-08-01","WA",562,2024,8
"2024-08-01","WA",1436,2024,8
"2024-08-01","WA",16064,2024,8
"2024-08-01","WA",2746,2024,8
"2024-08-01","WA",4923,2024,8
"2024-08-01","WA",0,2024,8
"2024-08-01","WA",78,2024,8
"2024-08-01","WA",406,2024,8
"2024-08-01","WA",3643,2024,8
"2024-08-01","WA",498,2024,8
"2024-08-01","WA",1487,2024,8
"2024-08-01","WA",0,2024,8
"2024-09-01","ACT",1,2024,9
"2024-09-01","ACT",493,2024,9
"2024-09-01","ACT",184,2024,9
"2024-09-01","ACT",62,2024,9
"2024-09-01","ACT",999,2024,9
"2024-09-01","ACT",416,2024,9
"2024-09-01","ACT",63,2024,9
"2024-09-01","ACT",1712,2024,9
"2024-09-01","ACT",596,2024,9
"2024-09-01","ACT",42,2024,9
"2024-09-01","ACT",529,2024,9
"2024-09-01","ACT",242,2024,9
"2024-09-01","ACT",6,2024,9
"2024-09-01","ACT",60,2024,9
"2024-09-01","ACT",30,2024,9
"2024-09-01","NSW",6,2024,9
"2024-09-01","NSW",1546,2024,9
"2024-09-01","NSW",2261,2024,9
"2024-09-01","NSW",2498,2024,9
"2024-09-01","NSW",592,2024,9
"2024-09-01","NSW",4,2024,9
"2024-09-01","NSW",2060,2024,9
"2024-09-01","NSW",2075,2024,9
"2024-09-01","NSW",1744,2024,9
"2024-09-01","NSW",222,2024,9
"2024-09-01","NSW",3,2024,9
"2024-09-01","NSW",357,2024,9
"2024-09-01","NSW",611,2024,9
"2024-09-01","NSW",697,2024,9
"2024-09-01","NSW",217,2024,9
"2024-09-01","NSW",37,2024,9
"2024-09-01","NSW",57,2024,9
"2024-09-01","NSW",49,2024,9
"2024-09-01","NSW",12,2024,9
"2024-09-01","NSW",30,2024,9
"2024-09-01","NSW",50,2024,9
"2024-09-01","NSW",39,2024,9
"2024-09-01","NSW",8,2024,9
"2024-09-01","NSW",39227,2024,9
"2024-09-01","NSW",3074,2024,9
"2024-09-01","NSW",19145,2024,9
"2024-09-01","NSW",5,2024,9
"2024-09-01","NSW",5,2024,9
"2024-09-01","NSW",6,2024,9
"2024-09-01","NSW",1,2024,9
"2024-09-01","NT",1,2024,9
"2024-09-01","NT",4,2024,9
"2024-09-01","NT",1,2024,9
"2024-09-01","NT",102,2024,9
"2024-09-01","NT",348,2024,9
"2024-09-01","NT",0,2024,9
"2024-09-01","NT",103,2024,9
"2024-09-01","NT",207,2024,9
"2024-09-01","NT",754,2024,9
"2024-09-01","NT",0,2024,9
"2024-09-01","NT",210,2024,9
"2024-09-01","NT",311,2024,9
"2024-09-01","NT",915,2024,9
"2024-09-01","NT",0,2024,9
"2024-09-01","NT",191,2024,9
"2024-09-01","NT",62,2024,9
"2024-09-01","NT",212,2024,9
"2024-09-01","NT",0,2024,9
"2024-09-01","NT",29,2024,9
"2024-09-01","NT",34,2024,9
"2024-09-01","NT",68,2024,9
"2024-09-01","QLD",651,2024,9
"2024-09-01","QLD",805,2024,9
"2024-09-01","QLD",3,2024,9
"2024-09-01","QLD",2728,2024,9
"2024-09-01","QLD",5093,2024,9
"2024-09-01","QLD",2028,2024,9
"2024-09-01","QLD",6314,2024,9
"2024-09-01","QLD",10140,2024,9
"2024-09-01","QLD",2801,2024,9
"2024-09-01","QLD",8846,2024,9
"2024-09-01","QLD",14661,2024,9
"2024-09-01","QLD",3303,2024,9
"2024-09-01","QLD",2452,2024,9
"2024-09-01","QLD",4013,2024,9
"2024-09-01","QLD",624,2024,9
"2024-09-01","QLD",75,2024,9
"2024-09-01","QLD",84,2024,9
"2024-09-01","QLD",2,2024,9
"2024-09-01","SA",36,2024,9
"2024-09-01","SA",88,2024,9
"2024-09-01","SA",183,2024,9
"2024-09-01","SA",100,2024,9
"2024-09-01","SA",306,2024,9
"2024-09-01","SA",333,2024,9
"2024-09-01","SA",113,2024,9
"2024-09-01","SA",617,2024,9
"2024-09-01","SA",442,2024,9
"2024-09-01","SA",28,2024,9
"2024-09-01","SA",423,2024,9
"2024-09-01","SA",149,2024,9
"2024-09-01","SA",11,2024,9
"2024-09-01","SA",30,2024,9
"2024-09-01","SA",4,2024,9
"2024-09-01","SA",1,2024,9
"2024-09-01","SA",328,2024,9
"2024-09-01","SA",390,2024,9
"2024-09-01","SA",351,2024,9
"2024-09-01","SA",799,2024,9
"2024-09-01","SA",955,2024,9
"2024-09-01","SA",621,2024,9
"2024-09-01","SA",1572,2024,9
"2024-09-01","SA",1454,2024,9
"2024-09-01","SA",632,2024,9
"2024-09-01","SA",621,2024,9
"2024-09-01","SA",424,2024,9
"2024-09-01","SA",150,2024,9
"2024-09-01","SA",127,2024,9
"2024-09-01","SA",83,2024,9
"2024-09-01","SA",1,2024,9
"2024-09-01","SA",1,2024,9
"2024-09-01","SA",20,2024,9
"2024-09-01","SA",23,2024,9
"2024-09-01","SA",156,2024,9
"2024-09-01","SA",47,2024,9
"2024-09-01","SA",49,2024,9
"2024-09-01","SA",332,2024,9
"2024-09-01","SA",44,2024,9
"2024-09-01","SA",88,2024,9
"2024-09-01","SA",425,2024,9
"2024-09-01","SA",13,2024,9
"2024-09-01","SA",34,2024,9
"2024-09-01","SA",147,2024,9
"2024-09-01","SA",5,2024,9
"2024-09-01","SA",2,2024,9
"2024-09-01","SA",1,2024,9
"2024-09-01","SA",1,2024,9
"2024-09-01","SA",2,2024,9
"2024-09-01","SA",33,2024,9
"2024-09-01","SA",10,2024,9
"2024-09-01","SA",81,2024,9
"2024-09-01","SA",18,2024,9
"2024-09-01","SA",92,2024,9
"2024-09-01","SA",3,2024,9
"2024-09-01","SA",18,2024,9
"2024-09-01","SA",22,2024,9
"2024-09-01","SA",36,2024,9
"2024-09-01","SA",2,2024,9
"2024-09-01","SA",51,2024,9
"2024-09-01","SA",13,2024,9
"2024-09-01","SA",16,2024,9
"2024-09-01","SA",56,2024,9
"2024-09-01","SA",46,2024,9
"2024-09-01","SA",11,2024,9
"2024-09-01","TAS",1,2024,9
"2024-09-01","TAS",482,2024,9
"2024-09-01","TAS",371,2024,9
"2024-09-01","TAS",1208,2024,9
"2024-09-01","TAS",523,2024,9
"2024-09-01","TAS",1834,2024,9
"2024-09-01","TAS",584,2024,9
"2024-09-01","TAS",818,2024,9
"2024-09-01","TAS",178,2024,9
"2024-09-01","TAS",2,2024,9
"2024-09-01","VIC",0,2024,9
"2024-09-01","VIC",2,2024,9
"2024-09-01","VIC",47,2024,9
"2024-09-01","VIC",361,2024,9
"2024-09-01","VIC",185,2024,9
"2024-09-01","VIC",1190,2024,9
"2024-09-01","VIC",382,2024,9
"2024-09-01","VIC",1741,2024,9
"2024-09-01","VIC",177,2024,9
"2024-09-01","VIC",898,2024,9
"2024-09-01","VIC",16,2024,9
"2024-09-01","VIC",72,2024,9
"2024-09-01","VIC",0,2024,9
"2024-09-01","VIC",0,2024,9
"2024-09-01","VIC",2223,2024,9
"2024-09-01","VIC",1666,2024,9
"2024-09-01","VIC",6834,2024,9
"2024-09-01","VIC",5120,2024,9
"2024-09-01","VIC",11346,2024,9
"2024-09-01","VIC",8239,2024,9
"2024-09-01","VIC",3402,2024,9
"2024-09-01","VIC",2407,2024,9
"2024-09-01","VIC",588,2024,9
"2024-09-01","VIC",315,2024,9
"2024-09-01","VIC",0,2024,9
"2024-09-01","VIC",0,2024,9
"2024-09-01","VIC",2,2024,9
"2024-09-01","VIC",65,2024,9
"2024-09-01","VIC",0,2024,9
"2024-09-01","VIC",221,2024,9
"2024-09-01","VIC",9,2024,9
"2024-09-01","VIC",413,2024,9
"2024-09-01","VIC",3,2024,9
"2024-09-01","VIC",211,2024,9
"2024-09-01","VIC",0,2024,9
"2024-09-01","VIC",27,2024,9
"2024-09-01","VIC",0,2024,9
"2024-09-01","VIC",0,2024,9
"2024-09-01","VIC",0,2024,9
"2024-09-01","VIC",0,2024,9
"2024-09-01","VIC",0,2024,9
"2024-09-01","VIC",1,2024,9
"2024-09-01","VIC",0,2024,9
"2024-09-01","VIC",0,2024,9
"2024-09-01","VIC",0,2024,9
"2024-09-01","VIC",0,2024,9
"2024-09-01","VIC",0,2024,9
"2024-09-01","VIC",0,2024,9
"2024-09-01","VIC",1,2024,9
"2024-09-01","VIC",0,2024,9
"2024-09-01","VIC",2,2024,9
"2024-09-01","VIC",500,2024,9
"2024-09-01","VIC",0,2024,9
"2024-09-01","VIC",1162,2024,9
"2024-09-01","VIC",962,2024,9
"2024-09-01","VIC",0,2024,9
"2024-09-01","VIC",2180,2024,9
"2024-09-01","VIC",1116,2024,9
"2024-09-01","VIC",0,2024,9
"2024-09-01","VIC",2528,2024,9
"2024-09-01","VIC",195,2024,9
"2024-09-01","VIC",0,2024,9
"2024-09-01","VIC",584,2024,9
"2024-09-01","VIC",64,2024,9
"2024-09-01","VIC",0,2024,9
"2024-09-01","VIC",3,2024,9
"2024-09-01","WA",2,2024,9
"2024-09-01","WA",14,2024,9
"2024-09-01","WA",2,2024,9
"2024-09-01","WA",1154,2024,9
"2024-09-01","WA",0,2024,9
"2024-09-01","WA",1,2024,9
"2024-09-01","WA",2,2024,9
"2024-09-01","WA",2162,2024,9
"2024-09-01","WA",0,2024,9
"2024-09-01","WA",3,2024,9
"2024-09-01","WA",2,2024,9
"2024-09-01","WA",2570,2024,9
"2024-09-01","WA",0,2024,9
"2024-09-01","WA",1,2024,9
"2024-09-01","WA",517,2024,9
"2024-09-01","WA",0,2024,9
"2024-10-01","ACT",1,2024,10
"2024-10-01","ACT",1,2024,10
"2024-10-01","ACT",539,2024,10
"2024-10-01","ACT",158,2024,10
"2024-10-01","ACT",48,2024,10
"2024-10-01","ACT",1066,2024,10
"2024-10-01","ACT",396,2024,10
"2024-10-01","ACT",79,2024,10
"2024-10-01","ACT",1708,2024,10
"2024-10-01","ACT",513,2024,10
"2024-10-01","ACT",74,2024,10
"2024-10-01","ACT",524,2024,10
"2024-10-01","ACT",188,2024,10
"2024-10-01","ACT",13,2024,10
"2024-10-01","ACT",131,2024,10
"2024-10-01","ACT",24,2024,10
"2024-10-01","NSW",8,2024,10
"2024-10-01","NSW",1762,2024,10
"2024-10-01","NSW",2586,2024,10
"2024-10-01","NSW",2793,2024,10
"2024-10-01","NSW",688,2024,10
"2024-10-01","NSW",3,2024,10
"2024-10-01","NSW",2047,2024,10
"2024-10-01","NSW",2227,2024,10
"2024-10-01","NSW",1997,2024,10
"2024-10-01","NSW",301,2024,10
"2024-10-01","NSW",400,2024,10
"2024-10-01","NSW",582,2024,10
"2024-10-01","NSW",706,2024,10
"2024-10-01","NSW",205,2024,10
"2024-10-01","NSW",22,2024,10
"2024-10-01","NSW",41,2024,10
"2024-10-01","NSW",47,2024,10
"2024-10-01","NSW",20,2024,10
"2024-10-01","NSW",35,2024,10
"2024-10-01","NSW",38,2024,10
"2024-10-01","NSW",42,2024,10
"2024-10-01","NSW",14,2024,10
"2024-10-01","NSW",34180,2024,10
"2024-10-01","NSW",3161,2024,10
"2024-10-01","NSW",18227,2024,10
"2024-10-01","NSW",2,2024,10
"2024-10-01","NSW",1,2024,10
"2024-10-01","NT",2,2024,10
"2024-10-01","NT",2,2024,10
"2024-10-01","NT",2,2024,10
"2024-10-01","NT",79,2024,10
"2024-10-01","NT",367,2024,10
"2024-10-01","NT",0,2024,10
"2024-10-01","NT",101,2024,10
"2024-10-01","NT",280,2024,10
"2024-10-01","NT",1037,2024,10
"2024-10-01","NT",0,2024,10
"2024-10-01","NT",188,2024,10
"2024-10-01","NT",395,2024,10
"2024-10-01","NT",1226,2024,10
"2024-10-01","NT",0,2024,10
"2024-10-01","NT",181,2024,10
"2024-10-01","NT",79,2024,10
"2024-10-01","NT",236,2024,10
"2024-10-01","NT",0,2024,10
"2024-10-01","NT",22,2024,10
"2024-10-01","NT",37,2024,10
"2024-10-01","NT",109,2024,10
"2024-10-01","QLD",625,2024,10
"2024-10-01","QLD",950,2024,10
"2024-10-01","QLD",7,2024,10
"2024-10-01","QLD",2856,2024,10
"2024-10-01","QLD",5395,2024,10
"2024-10-01","QLD",2316,2024,10
"2024-10-01","QLD",6188,2024,10
"2024-10-01","QLD",10330,2024,10
"2024-10-01","QLD",3200,2024,10
"2024-10-01","QLD",8782,2024,10
"2024-10-01","QLD",14944,2024,10
"2024-10-01","QLD",3706,2024,10
"2024-10-01","QLD",2547,2024,10
"2024-10-01","QLD",3941,2024,10
"2024-10-01","QLD",813,2024,10
"2024-10-01","QLD",100,2024,10
"2024-10-01","QLD",92,2024,10
"2024-10-01","QLD",2,2024,10
"2024-10-01","SA",1,2024,10
"2024-10-01","SA",40,2024,10
"2024-10-01","SA",138,2024,10
"2024-10-01","SA",204,2024,10
"2024-10-01","SA",93,2024,10
"2024-10-01","SA",451,2024,10
"2024-10-01","SA",363,2024,10
"2024-10-01","SA",102,2024,10
"2024-10-01","SA",929,2024,10
"2024-10-01","SA",518,2024,10
"2024-10-01","SA",41,2024,10
"2024-10-01","SA",458,2024,10
"2024-10-01","SA",161,2024,10
"2024-10-01","SA",13,2024,10
"2024-10-01","SA",49,2024,10
"2024-10-01","SA",7,2024,10
"2024-10-01","SA",1,2024,10
"2024-10-01","SA",3,2024,10
"2024-10-01","SA",0,2024,10
"2024-10-01","SA",406,2024,10
"2024-10-01","SA",472,2024,10
"2024-10-01","SA",337,2024,10
"2024-10-01","SA",892,2024,10
"2024-10-01","SA",1233,2024,10
"2024-10-01","SA",508,2024,10
"2024-10-01","SA",1874,2024,10
"2024-10-01","SA",2056,2024,10
"2024-10-01","SA",529,2024,10
"2024-10-01","SA",826,2024,10
"2024-10-01","SA",646,2024,10
"2024-10-01","SA",129,2024,10
"2024-10-01","SA",153,2024,10
"2024-10-01","SA",128,2024,10
"2024-10-01","SA",13,2024,10
"2024-10-01","SA",0,2024,10
"2024-10-01","SA",21,2024,10
"2024-10-01","SA",43,2024,10
"2024-10-01","SA",193,2024,10
"2024-10-01","SA",40,2024,10
"2024-10-01","SA",148,2024,10
"2024-10-01","SA",379,2024,10
"2024-10-01","SA",47,2024,10
"2024-10-01","SA",296,2024,10
"2024-10-01","SA",508,2024,10
"2024-10-01","SA",15,2024,10
"2024-10-01","SA",159,2024,10
"2024-10-01","SA",155,2024,10
"2024-10-01","SA",5,2024,10
"2024-10-01","SA",14,2024,10
"2024-10-01","SA",1,2024,10
"2024-10-01","SA",39,2024,10
"2024-10-01","SA",5,2024,10
"2024-10-01","SA",66,2024,10
"2024-10-01","SA",11,2024,10
"2024-10-01","SA",99,2024,10
"2024-10-01","SA",3,2024,10
"2024-10-01","SA",24,2024,10
"2024-10-01","SA",1,2024,10
"2024-10-01","SA",27,2024,10
"2024-10-01","SA",42,2024,10
"2024-10-01","SA",43,2024,10
"2024-10-01","SA",6,2024,10
"2024-10-01","SA",23,2024,10
"2024-10-01","SA",52,2024,10
"2024-10-01","SA",78,2024,10
"2024-10-01","SA",20,2024,10
"2024-10-01","TAS",1,2024,10
"2024-10-01","TAS",466,2024,10
"2024-10-01","TAS",477,2024,10
"2024-10-01","TAS",1265,2024,10
"2024-10-01","TAS",780,2024,10
"2024-10-01","TAS",1824,2024,10
"2024-10-01","TAS",794,2024,10
"2024-10-01","TAS",699,2024,10
"2024-10-01","TAS",262,2024,10
"2024-10-01","TAS",1,2024,10
"2024-10-01","VIC",0,2024,10
"2024-10-01","VIC",0,2024,10
"2024-10-01","VIC",7,2024,10
"2024-10-01","VIC",17,2024,10
"2024-10-01","VIC",4,2024,10
"2024-10-01","VIC",23,2024,10
"2024-10-01","VIC",11,2024,10
"2024-10-01","VIC",21,2024,10
"2024-10-01","VIC",0,2024,10
"2024-10-01","VIC",8,2024,10
"2024-10-01","VIC",1,2024,10
"2024-10-01","VIC",3,2024,10
"2024-10-01","VIC",0,2024,10
"2024-10-01","VIC",0,2024,10
"2024-10-01","VIC",110,2024,10
"2024-10-01","VIC",60,2024,10
"2024-10-01","VIC",190,2024,10
"2024-10-01","VIC",98,2024,10
"2024-10-01","VIC",194,2024,10
"2024-10-01","VIC",99,2024,10
"2024-10-01","VIC",39,2024,10
"2024-10-01","VIC",30,2024,10
"2024-10-01","VIC",24,2024,10
"2024-10-01","VIC",13,2024,10
"2024-10-01","VIC",0,2024,10
"2024-10-01","VIC",0,2024,10
"2024-10-01","VIC",0,2024,10
"2024-10-01","VIC",1,2024,10
"2024-10-01","VIC",0,2024,10
"2024-10-01","VIC",6,2024,10
"2024-10-01","VIC",0,2024,10
"2024-10-01","VIC",4,2024,10
"2024-10-01","VIC",0,2024,10
"2024-10-01","VIC",2,2024,10
"2024-10-01","VIC",0,2024,10
"2024-10-01","VIC",1,2024,10
"2024-10-01","VIC",0,2024,10
"2024-10-01","VIC",0,2024,10
"2024-10-01","VIC",0,2024,10
"2024-10-01","VIC",0,2024,10
"2024-10-01","VIC",0,2024,10
"2024-10-01","VIC",0,2024,10
"2024-10-01","VIC",0,2024,10
"2024-10-01","VIC",0,2024,10
"2024-10-01","VIC",0,2024,10
"2024-10-01","VIC",0,2024,10
"2024-10-01","VIC",0,2024,10
"2024-10-01","VIC",0,2024,10
"2024-10-01","VIC",0,2024,10
"2024-10-01","VIC",0,2024,10
"2024-10-01","VIC",23,2024,10
"2024-10-01","VIC",0,2024,10
"2024-10-01","VIC",408,2024,10
"2024-10-01","VIC",26,2024,10
"2024-10-01","VIC",0,2024,10
"2024-10-01","VIC",503,2024,10
"2024-10-01","VIC",22,2024,10
"2024-10-01","VIC",0,2024,10
"2024-10-01","VIC",512,2024,10
"2024-10-01","VIC",9,2024,10
"2024-10-01","VIC",0,2024,10
"2024-10-01","VIC",88,2024,10
"2024-10-01","VIC",0,2024,10
"2024-10-01","VIC",0,2024,10
"2024-10-01","VIC",1,2024,10
"2024-10-01","WA",0,2024,10
"2024-10-01","WA",495,2024,10
"2024-10-01","WA",0,2024,10
"2024-10-01","WA",828,2024,10
"2024-10-01","WA",0,2024,10
"2024-10-01","WA",1016,2024,10
"2024-10-01","WA",0,2024,10
"2024-10-01","WA",186,2024,10
"2024-10-01","WA",0,2024,10
"2024-11-01","ACT",1,2024,11
"2024-11-01","ACT",531,2024,11
"2024-11-01","ACT",186,2024,11
"2024-11-01","ACT",142,2024,11
"2024-11-01","ACT",1066,2024,11
"2024-11-01","ACT",458,2024,11
"2024-11-01","ACT",226,2024,11
"2024-11-01","ACT",1727,2024,11
"2024-11-01","ACT",664,2024,11
"2024-11-01","ACT",168,2024,11
"2024-11-01","ACT",488,2024,11
"2024-11-01","ACT",224,2024,11
"2024-11-01","ACT",14,2024,11
"2024-11-01","ACT",119,2024,11
"2024-11-01","ACT",39,2024,11
"2024-11-01","NSW",3,2024,11
"2024-11-01","NSW",1405,2024,11
"2024-11-01","NSW",1992,2024,11
"2024-11-01","NSW",2136,2024,11
"2024-11-01","NSW",520,2024,11
"2024-11-01","NSW",2,2024,11
"2024-11-01","NSW",1683,2024,11
"2024-11-01","NSW",1851,2024,11
"2024-11-01","NSW",1602,2024,11
"2024-11-01","NSW",237,2024,11
"2024-11-01","NSW",2,2024,11
"2024-11-01","NSW",338,2024,11
"2024-11-01","NSW",545,2024,11
"2024-11-01","NSW",633,2024,11
"2024-11-01","NSW",163,2024,11
"2024-11-01","NSW",28,2024,11
"2024-11-01","NSW",32,2024,11
"2024-11-01","NSW",47,2024,11
"2024-11-01","NSW",8,2024,11
"2024-11-01","NSW",120,2024,11
"2024-11-01","NSW",142,2024,11
"2024-11-01","NSW",155,2024,11
"2024-11-01","NSW",24,2024,11
"2024-11-01","NSW",42822,2024,11
"2024-11-01","NSW",3179,2024,11
"2024-11-01","NSW",20267,2024,11
"2024-11-01","NSW",3,2024,11
"2024-11-01","NSW",5,2024,11
"2024-11-01","NSW",5,2024,11
"2024-11-01","NSW",4,2024,11
"2024-11-01","NT",1,2024,11
"2024-11-01","NT",0,2024,11
"2024-11-01","NT",83,2024,11
"2024-11-01","NT",271,2024,11
"2024-11-01","NT",0,2024,11
"2024-11-01","NT",66,2024,11
"2024-11-01","NT",186,2024,11
"2024-11-01","NT",847,2024,11
"2024-11-01","NT",0,2024,11
"2024-11-01","NT",136,2024,11
"2024-11-01","NT",337,2024,11
"2024-11-01","NT",906,2024,11
"2024-11-01","NT",0,2024,11
"2024-11-01","NT",153,2024,11
"2024-11-01","NT",66,2024,11
"2024-11-01","NT",165,2024,11
"2024-11-01","NT",0,2024,11
"2024-11-01","NT",20,2024,11
"2024-11-01","NT",39,2024,11
"2024-11-01","NT",102,2024,11
"2024-11-01","QLD",840,2024,11
"2024-11-01","QLD",930,2024,11
"2024-11-01","QLD",7,2024,11
"2024-11-01","QLD",3092,2024,11
"2024-11-01","QLD",5066,2024,11
"2024-11-01","QLD",2385,2024,11
"2024-11-01","QLD",6329,2024,11
"2024-11-01","QLD",9612,2024,11
"2024-11-01","QLD",3339,2024,11
"2024-11-01","QLD",8775,2024,11
"2024-11-01","QLD",13949,2024,11
"2024-11-01","QLD",3752,2024,11
"2024-11-01","QLD",2336,2024,11
"2024-11-01","QLD",3666,2024,11
"2024-11-01","QLD",776,2024,11
"2024-11-01","QLD",99,2024,11
"2024-11-01","QLD",97,2024,11
"2024-11-01","QLD",2,2024,11
"2024-11-01","SA",1,2024,11
"2024-11-01","SA",44,2024,11
"2024-11-01","SA",158,2024,11
"2024-11-01","SA",217,2024,11
"2024-11-01","SA",111,2024,11
"2024-11-01","SA",414,2024,11
"2024-11-01","SA",374,2024,11
"2024-11-01","SA",101,2024,11
"2024-11-01","SA",825,2024,11
"2024-11-01","SA",496,2024,11
"2024-11-01","SA",35,2024,11
"2024-11-01","SA",374,2024,11
"2024-11-01","SA",179,2024,11
"2024-11-01","SA",11,2024,11
"2024-11-01","SA",51,2024,11
"2024-11-01","SA",5,2024,11
"2024-11-01","SA",1,2024,11
"2024-11-01","SA",2,2024,11
"2024-11-01","SA",377,2024,11
"2024-11-01","SA",524,2024,11
"2024-11-01","SA",262,2024,11
"2024-11-01","SA",843,2024,11
"2024-11-01","SA",1371,2024,11
"2024-11-01","SA",398,2024,11
"2024-11-01","SA",1700,2024,11
"2024-11-01","SA",2330,2024,11
"2024-11-01","SA",386,2024,11
"2024-11-01","SA",703,2024,11
"2024-11-01","SA",756,2024,11
"2024-11-01","SA",110,2024,11
"2024-11-01","SA",154,2024,11
"2024-11-01","SA",148,2024,11
"2024-11-01","SA",1,2024,11
"2024-11-01","SA",2,2024,11
"2024-11-01","SA",29,2024,11
"2024-11-01","SA",33,2024,11
"2024-11-01","SA",189,2024,11
"2024-11-01","SA",33,2024,11
"2024-11-01","SA",103,2024,11
"2024-11-01","SA",358,2024,11
"2024-11-01","SA",56,2024,11
"2024-11-01","SA",184,2024,11
"2024-11-01","SA",463,2024,11
"2024-11-01","SA",15,2024,11
"2024-11-01","SA",74,2024,11
"2024-11-01","SA",127,2024,11
"2024-11-01","SA",11,2024,11
"2024-11-01","SA",4,2024,11
"2024-11-01","SA",1,2024,11
"2024-11-01","SA",32,2024,11
"2024-11-01","SA",7,2024,11
"2024-11-01","SA",58,2024,11
"2024-11-01","SA",21,2024,11
"2024-11-01","SA",75,2024,11
"2024-11-01","SA",7,2024,11
"2024-11-01","SA",21,2024,11
"2024-11-01","SA",2,2024,11
"2024-11-01","SA",1,2024,11
"2024-11-01","SA",14,2024,11
"2024-11-01","SA",29,2024,11
"2024-11-01","SA",36,2024,11
"2024-11-01","SA",11,2024,11
"2024-11-01","SA",0,2024,11
"2024-11-01","SA",15,2024,11
"2024-11-01","SA",41,2024,11
"2024-11-01","SA",42,2024,11
"2024-11-01","SA",9,2024,11
"2024-11-01","TAS",0,2024,11
"2024-11-01","TAS",619,2024,11
"2024-11-01","TAS",401,2024,11
"2024-11-01","TAS",1611,2024,11
"2024-11-01","TAS",607,2024,11
"2024-11-01","TAS",2311,2024,11
"2024-11-01","TAS",668,2024,11
"2024-11-01","TAS",975,2024,11
"2024-11-01","TAS",220,2024,11
"2024-11-01","TAS",3,2024,11
"2024-11-01","VIC",0,2024,11
"2024-11-01","VIC",0,2024,11
"2024-11-01","VIC",8,2024,11
"2024-11-01","VIC",10,2024,11
"2024-11-01","VIC",4,2024,11
"2024-11-01","VIC",21,2024,11
"2024-11-01","VIC",9,2024,11
"2024-11-01","VIC",21,2024,11
"2024-11-01","VIC",5,2024,11
"2024-11-01","VIC",8,2024,11
"2024-11-01","VIC",0,2024,11
"2024-11-01","VIC",1,2024,11
"2024-11-01","VIC",0,2024,11
"2024-11-01","VIC",0,2024,11
"2024-11-01","VIC",98,2024,11
"2024-11-01","VIC",43,2024,11
"2024-11-01","VIC",120,2024,11
"2024-11-01","VIC",58,2024,11
"2024-11-01","VIC",174,2024,11
"2024-11-01","VIC",93,2024,11
"2024-11-01","VIC",28,2024,11
"2024-11-01","VIC",14,2024,11
"2024-11-01","VIC",39,2024,11
"2024-11-01","VIC",11,2024,11
"2024-11-01","VIC",0,2024,11
"2024-11-01","VIC",0,2024,11
"2024-11-01","VIC",0,2024,11
"2024-11-01","VIC",0,2024,11
"2024-11-01","VIC",0,2024,11
"2024-11-01","VIC",5,2024,11
"2024-11-01","VIC",1,2024,11
"2024-11-01","VIC",10,2024,11
"2024-11-01","VIC",0,2024,11
"2024-11-01","VIC",2,2024,11
"2024-11-01","VIC",0,2024,11
"2024-11-01","VIC",0,2024,11
"2024-11-01","VIC",0,2024,11
"2024-11-01","VIC",0,2024,11
"2024-11-01","VIC",0,2024,11
"2024-11-01","VIC",0,2024,11
"2024-11-01","VIC",0,2024,11
"2024-11-01","VIC",0,2024,11
"2024-11-01","VIC",0,2024,11
"2024-11-01","VIC",0,2024,11
"2024-11-01","VIC",0,2024,11
"2024-11-01","VIC",0,2024,11
"2024-11-01","VIC",0,2024,11
"2024-11-01","VIC",0,2024,11
"2024-11-01","VIC",0,2024,11
"2024-11-01","VIC",0,2024,11
"2024-11-01","VIC",1,2024,11
"2024-11-01","VIC",21,2024,11
"2024-11-01","VIC",0,2024,11
"2024-11-01","VIC",513,2024,11
"2024-11-01","VIC",17,2024,11
"2024-11-01","VIC",0,2024,11
"2024-11-01","VIC",636,2024,11
"2024-11-01","VIC",22,2024,11
"2024-11-01","VIC",0,2024,11
"2024-11-01","VIC",569,2024,11
"2024-11-01","VIC",3,2024,11
"2024-11-01","VIC",0,2024,11
"2024-11-01","VIC",104,2024,11
"2024-11-01","VIC",5,2024,11
"2024-11-01","VIC",0,2024,11
"2024-11-01","WA",0,2024,11
"2024-11-01","WA",8,2024,11
"2024-11-01","WA",0,2024,11
"2024-11-01","WA",23,2024,11
"2024-11-01","WA",0,2024,11
"2024-11-01","WA",28,2024,11
"2024-11-01","WA",0,2024,11
"2024-11-01","WA",2,2024,11
"2024-11-01","WA",0,2024,11
"2024-12-01","ACT",1,2024,12
"2024-12-01","ACT",1,2024,12
"2024-12-01","ACT",468,2024,12
"2024-12-01","ACT",159,2024,12
"2024-12-01","ACT",80,2024,12
"2024-12-01","ACT",1233,2024,12
"2024-12-01","ACT",370,2024,12
"2024-12-01","ACT",108,2024,12
"2024-12-01","ACT",1971,2024,12
"2024-12-01","ACT",522,2024,12
"2024-12-01","ACT",103,2024,12
"2024-12-01","ACT",606,2024,12
"2024-12-01","ACT",172,2024,12
"2024-12-01","ACT",12,2024,12
"2024-12-01","ACT",169,2024,12
"2024-12-01","ACT",43,2024,12
"2024-12-01","ACT",1,2024,12
"2024-12-01","NSW",9,2024,12
"2024-12-01","NSW",1815,2024,12
"2024-12-01","NSW",3010,2024,12
"2024-12-01","NSW",2986,2024,12
"2024-12-01","NSW",725,2024,12
"2024-12-01","NSW",11,2024,12
"2024-12-01","NSW",2424,2024,12
"2024-12-01","NSW",2584,2024,12
"2024-12-01","NSW",2291,2024,12
"2024-12-01","NSW",372,2024,12
"2024-12-01","NSW",468,2024,12
"2024-12-01","NSW",705,2024,12
"2024-12-01","NSW",825,2024,12
"2024-12-01","NSW",229,2024,12
"2024-12-01","NSW",1,2024,12
"2024-12-01","NSW",59,2024,12
"2024-12-01","NSW",68,2024,12
"2024-12-01","NSW",88,2024,12
"2024-12-01","NSW",13,2024,12
"2024-12-01","NSW",88,2024,12
"2024-12-01","NSW",102,2024,12
"2024-12-01","NSW",109,2024,12
"2024-12-01","NSW",16,2024,12
"2024-12-01","NSW",43889,2024,12
"2024-12-01","NSW",3214,2024,12
"2024-12-01","NSW",21383,2024,12
"2024-12-01","NSW",6,2024,12
"2024-12-01","NSW",7,2024,12
"2024-12-01","NSW",11,2024,12
"2024-12-01","NSW",3,2024,12
"2024-12-01","NT",1,2024,12
"2024-12-01","NT",1,2024,12
"2024-12-01","NT",0,2024,12
"2024-12-01","NT",53,2024,12
"2024-12-01","NT",338,2024,12
"2024-12-01","NT",0,2024,12
"2024-12-01","NT",101,2024,12
"2024-12-01","NT",196,2024,12
"2024-12-01","NT",848,2024,12
"2024-12-01","NT",0,2024,12
"2024-12-01","NT",185,2024,12
"2024-12-01","NT",245,2024,12
"2024-12-01","NT",1033,2024,12
"2024-12-01","NT",0,2024,12
"2024-12-01","NT",159,2024,12
"2024-12-01","NT",63,2024,12
"2024-12-01","NT",246,2024,12
"2024-12-01","NT",0,2024,12
"2024-12-01","NT",21,2024,12
"2024-12-01","NT",33,2024,12
"2024-12-01","NT",129,2024,12
"2024-12-01","QLD",893,2024,12
"2024-12-01","QLD",1024,2024,12
"2024-12-01","QLD",5,2024,12
"2024-12-01","QLD",3404,2024,12
"2024-12-01","QLD",5492,2024,12
"2024-12-01","QLD",2611,2024,12
"2024-12-01","QLD",7497,2024,12
"2024-12-01","QLD",11027,2024,12
"2024-12-01","QLD",3390,2024,12
"2024-12-01","QLD",10171,2024,12
"2024-12-01","QLD",15374,2024,12
"2024-12-01","QLD",3627,2024,12
"2024-12-01","QLD",2705,2024,12
"2024-12-01","QLD",4072,2024,12
"2024-12-01","QLD",698,2024,12
"2024-12-01","QLD",108,2024,12
"2024-12-01","QLD",116,2024,12
"2024-12-01","QLD",1,2024,12
"2024-12-01","SA",2,2024,12
"2024-12-01","SA",50,2024,12
"2024-12-01","SA",114,2024,12
"2024-12-01","SA",253,2024,12
"2024-12-01","SA",113,2024,12
"2024-12-01","SA",350,2024,12
"2024-12-01","SA",532,2024,12
"2024-12-01","SA",132,2024,12
"2024-12-01","SA",620,2024,12
"2024-12-01","SA",694,2024,12
"2024-12-01","SA",33,2024,12
"2024-12-01","SA",313,2024,12
"2024-12-01","SA",191,2024,12
"2024-12-01","SA",17,2024,12
"2024-12-01","SA",43,2024,12
"2024-12-01","SA",3,2024,12
"2024-12-01","SA",1,2024,12
"2024-12-01","SA",410,2024,12
"2024-12-01","SA",530,2024,12
"2024-12-01","SA",325,2024,12
"2024-12-01","SA",1035,2024,12
"2024-12-01","SA",1284,2024,12
"2024-12-01","SA",474,2024,12
"2024-12-01","SA",1982,2024,12
"2024-12-01","SA",2306,2024,12
"2024-12-01","SA",563,2024,12
"2024-12-01","SA",832,2024,12
"2024-12-01","SA",715,2024,12
"2024-12-01","SA",133,2024,12
"2024-12-01","SA",196,2024,12
"2024-12-01","SA",162,2024,12
"2024-12-01","SA",1,2024,12
"2024-12-01","SA",17,2024,12
"2024-12-01","SA",24,2024,12
"2024-12-01","SA",251,2024,12
"2024-12-01","SA",39,2024,12
"2024-12-01","SA",88,2024,12
"2024-12-01","SA",500,2024,12
"2024-12-01","SA",55,2024,12
"2024-12-01","SA",182,2024,12
"2024-12-01","SA",634,2024,12
"2024-12-01","SA",16,2024,12
"2024-12-01","SA",93,2024,12
"2024-12-01","SA",160,2024,12
"2024-12-01","SA",2,2024,12
"2024-12-01","SA",9,2024,12
"2024-12-01","SA",48,2024,12
"2024-12-01","SA",10,2024,12
"2024-12-01","SA",104,2024,12
"2024-12-01","SA",2,2024,12
"2024-12-01","SA",126,2024,12
"2024-12-01","SA",1,2024,12
"2024-12-01","SA",23,2024,12
"2024-12-01","SA",1,2024,12
"2024-12-01","SA",21,2024,12
"2024-12-01","SA",50,2024,12
"2024-12-01","SA",58,2024,12
"2024-12-01","SA",21,2024,12
"2024-12-01","SA",1,2024,12
"2024-12-01","SA",22,2024,12
"2024-12-01","SA",69,2024,12
"2024-12-01","SA",56,2024,12
"2024-12-01","SA",9,2024,12
"2024-12-01","TAS",0,2024,12
"2024-12-01","TAS",621,2024,12
"2024-12-01","TAS",470,2024,12
"2024-12-01","TAS",1570,2024,12
"2024-12-01","TAS",812,2024,12
"2024-12-01","TAS",2323,2024,12
"2024-12-01","TAS",817,2024,12
"2024-12-01","TAS",1041,2024,12
"2024-12-01","TAS",289,2024,12
"2024-12-01","TAS",1,2024,12
"2024-12-01","VIC",0,2024,12
"2024-12-01","VIC",0,2024,12
"2024-12-01","VIC",9,2024,12
"2024-12-01","VIC",24,2024,12
"2024-12-01","VIC",15,2024,12
"2024-12-01","VIC",21,2024,12
"2024-12-01","VIC",4,2024,12
"2024-12-01","VIC",45,2024,12
"2024-12-01","VIC",5,2024,12
"2024-12-01","VIC",8,2024,12
"2024-12-01","VIC",1,2024,12
"2024-12-01","VIC",1,2024,12
"2024-12-01","VIC",0,2024,12
"2024-12-01","VIC",0,2024,12
"2024-12-01","VIC",59,2024,12
"2024-12-01","VIC",85,2024,12
"2024-12-01","VIC",89,2024,12
"2024-12-01","VIC",91,2024,12
"2024-12-01","VIC",90,2024,12
"2024-12-01","VIC",158,2024,12
"2024-12-01","VIC",28,2024,12
"2024-12-01","VIC",20,2024,12
"2024-12-01","VIC",20,2024,12
"2024-12-01","VIC",22,2024,12
"2024-12-01","VIC",0,2024,12
"2024-12-01","VIC",0,2024,12
"2024-12-01","VIC",0,2024,12
"2024-12-01","VIC",6,2024,12
"2024-12-01","VIC",1,2024,12
"2024-12-01","VIC",3,2024,12
"2024-12-01","VIC",0,2024,12
"2024-12-01","VIC",2,2024,12
"2024-12-01","VIC",0,2024,12
"2024-12-01","VIC",1,2024,12
"2024-12-01","VIC",0,2024,12
"2024-12-01","VIC",1,2024,12
"2024-12-01","VIC",0,2024,12
"2024-12-01","VIC",0,2024,12
"2024-12-01","VIC",0,2024,12
"2024-12-01","VIC",0,2024,12
"2024-12-01","VIC",0,2024,12
"2024-12-01","VIC",0,2024,12
"2024-12-01","VIC",0,2024,12
"2024-12-01","VIC",0,2024,12
"2024-12-01","VIC",0,2024,12
"2024-12-01","VIC",0,2024,12
"2024-12-01","VIC",0,2024,12
"2024-12-01","VIC",0,2024,12
"2024-12-01","VIC",0,2024,12
"2024-12-01","VIC",0,2024,12
"2024-12-01","VIC",5,2024,12
"2024-12-01","VIC",17,2024,12
"2024-12-01","VIC",0,2024,12
"2024-12-01","VIC",608,2024,12
"2024-12-01","VIC",11,2024,12
"2024-12-01","VIC",0,2024,12
"2024-12-01","VIC",750,2024,12
"2024-12-01","VIC",26,2024,12
"2024-12-01","VIC",0,2024,12
"2024-12-01","VIC",661,2024,12
"2024-12-01","VIC",3,2024,12
"2024-12-01","VIC",0,2024,12
"2024-12-01","VIC",115,2024,12
"2024-12-01","VIC",3,2024,12
"2024-12-01","VIC",0,2024,12
"2024-12-01","VIC",1,2024,12
"2024-12-01","WA",1,2024,12
"2024-12-01","WA",0,2024,12
"2024-12-01","WA",2,2024,12
"2024-12-01","WA",0,2024,12
"2024-12-01","WA",2,2024,12
"2024-12-01","WA",0,2024,12
"2024-12-01","WA",0,2024,12
"2024-01-01","ACT",2,2024,1
"2024-01-01","ACT",3,2024,1
"2024-01-01","ACT",3,2024,1
"2024-01-01","ACT",516,2024,1
"2024-01-01","ACT",146,2024,1
"2024-01-01","ACT",50,2024,1
"2024-01-01","ACT",1269,2024,1
"2024-01-01","ACT",385,2024,1
"2024-01-01","ACT",89,2024,1
"2024-01-01","ACT",2317,2024,1
"2024-01-01","ACT",445,2024,1
"2024-01-01","ACT",54,2024,1
"2024-01-01","ACT",634,2024,1
"2024-01-01","ACT",151,2024,1
"2024-01-01","ACT",3,2024,1
"2024-01-01","ACT",68,2024,1
"2024-01-01","ACT",15,2024,1
"2024-01-01","NSW",5,2024,1
"2024-01-01","NSW",1373,2024,1
"2024-01-01","NSW",2195,2024,1
"2024-01-01","NSW",2280,2024,1
"2024-01-01","NSW",512,2024,1
"2024-01-01","NSW",7,2024,1
"2024-01-01","NSW",2010,2024,1
"2024-01-01","NSW",2266,2024,1
